Price,Close,High,Low,Open,Volume
Ticker,4558.T,4558.T,4558.T,4558.T,4558.T
Date,,,,,
2022-01-04,261.0895080566406,272.3191643171413,256.4104846147654,271.38335962876624,419200
2022-01-05,259.2179260253906,268.5759738963434,252.66729251572372,264.83275474796227,746600
2022-01-06,258.2820739746094,266.70431551725966,246.11661396855894,252.66724627950916,935700
2022-01-07,302.2649230957031,333.1464787061,257.3462967533076,259.21790618424075,15205500
2022-01-11,323.7884521484375,340.6329380983562,310.6871852985007,324.72425692343296,9080500
2022-01-12,276.0624084472656,310.68718509997353,273.2549941240731,308.81557555117854,4468200
2022-01-13,286.3562316894531,307.87973930009827,279.8055989383872,288.2278410469005,3151700
2022-01-14,272.3192138671875,289.16370132288984,267.6401895739369,288.2278964642397,1326000
2022-01-17,251.73146057128906,266.704335549507,251.73146057128906,264.83272617722974,837100
2022-01-18,263.89691162109375,276.06237208589596,252.6672558074302,252.6672558074302,1510800
2022-01-19,262.0252990722656,272.3191501072475,258.2820805140904,267.6401269095285,1116400
2022-01-20,259.2179260253906,268.5759738963434,251.73148772862845,267.64016910924806,538600
2022-01-21,257.3463134765625,263.89694691051136,254.53889914772728,255.47470392400567,275200
2022-01-24,253.6030731201172,259.21790130727845,250.79565902653655,258.28209660941826,202000
2022-01-25,243.3092041015625,254.53885967548078,243.3092041015625,253.6030550443209,327400
2022-01-26,253.6030731201172,258.28209660941826,245.1808308393753,247.0524402350957,528100
2022-01-27,256.4104919433594,277.9340003911596,252.66727308287238,275.1265862457944,1435100
2022-01-28,251.73146057128906,265.76853086336837,247.98824182673457,262.9611168049525,512900
2022-01-31,247.05245971679688,253.6030931183786,246.11665494514233,251.73148357506952,308500
2022-02-01,251.73146057128906,252.66726525742766,247.05243714059594,247.05243714059594,168200
2022-02-02,252.66726684570312,253.60307153772425,249.85985276963976,250.79565746166088,234800
2022-02-03,250.795654296875,256.41048237814834,247.98824025623836,254.5388730177239,198700
2022-02-04,246.1166229248047,248.92403687451727,245.18081827490047,247.98823222461309,213300
2022-02-07,241.4376220703125,245.18084101713904,240.50181733360586,245.18084101713904,167100
2022-02-08,239.5659942626953,241.43760359287262,239.5659942626953,241.43760359287262,138200
2022-02-09,242.37339782714844,244.24500707677893,239.5659839527027,240.50178857751794,97800
2022-02-10,242.37339782714844,245.18081170159417,239.5659839527027,245.18081170159417,56900
2022-02-14,239.5659942626953,240.50179892778397,235.8227756023407,237.694384932518,99300
2022-02-15,235.82278442382812,241.43761262439546,235.82278442382812,239.56600322420636,64500
2022-02-16,236.7585906982422,240.50180952351084,235.82278599192503,238.63020011087653,108500
2022-02-17,233.95118713378906,237.69440612792968,233.95118713378906,235.8227966308594,98000
2022-02-18,233.01536560058594,239.56599836847388,231.14375623833223,232.07956091945908,133700
2022-02-21,232.07957458496094,233.0153793211906,230.20796511250157,230.20796511250157,77500
2022-02-22,227.40052795410156,230.20794187946083,227.40052795410156,229.27213723767443,85000
2022-02-24,218.04248046875,227.40052684079936,218.04248046875,227.40052684079936,164000
2022-02-25,218.04248046875,220.84989438036482,214.29926191993027,215.2350665571352,137700
2022-02-28,223.65731811523438,224.5931227935408,218.97829472370228,220.84990408031513,71300
2022-03-01,222.72149658203125,225.52891040449381,222.72149658203125,223.65730118951876,32500
2022-03-02,219.91409301757812,222.72150697099403,218.9782883664395,222.72150697099403,27000
2022-03-03,222.72149658203125,223.65730118951876,219.91408275956866,219.91408275956866,46200
2022-03-04,218.97830200195312,224.59313025841345,216.17088787372296,224.59313025841345,66300
2022-03-07,215.23507690429688,218.04249095087468,215.23507690429688,216.1708815864895,77400
2022-03-08,210.55604553222656,214.29926411946616,209.62024088541668,214.29926411946616,62400
2022-03-09,209.62025451660156,212.42766863959176,208.68444980893815,212.42766863959176,56600
2022-03-10,213.36346435546875,214.2992690236945,211.49185501901727,211.49185501901727,28400
2022-03-11,218.04248046875,218.04248046875,212.4276526455204,213.36345728272534,75200
2022-03-14,213.36346435546875,218.9782923648232,213.36346435546875,215.23507369192023,54800
2022-03-15,225.5289306640625,226.4647353556146,215.2350790569891,215.2350790569891,91600
2022-03-16,230.20794677734375,231.14375143904027,227.40053279225418,227.40053279225418,65500
2022-03-17,236.7585906982422,236.7585906982422,230.20795775402206,230.20795775402206,88900
2022-03-18,235.82278442382812,236.7585891239227,233.95117502363902,236.7585891239227,39100
2022-03-22,233.01536560058594,241.4376077307276,232.07956091945908,236.75858432509332,85700
2022-03-23,235.82278442382812,236.7585891239227,233.95117502363902,235.82278442382812,35000
2022-03-24,234.88697814941406,236.7585875370588,233.9511734555917,235.8227828432364,30500
2022-03-25,235.82278442382812,238.6301985241118,233.95117502363902,233.95117502363902,55800
2022-03-28,233.01536560058594,236.75858432509332,233.01536560058594,234.88697496283962,40600
2022-03-29,234.88697814941406,236.7585875370588,233.9511734555917,233.9511734555917,25300
2022-03-30,238.19525146484375,241.97612847222223,236.3048129611545,241.03090922037762,42500
2022-03-31,254.26397705078125,261.82573101511673,240.08568836765218,240.08568836765218,569300
2022-04-01,241.97613525390625,254.26398587226868,241.03091597557068,254.26398587226868,154000
2022-04-04,238.19525146484375,240.085689968533,237.25003221299914,237.25003221299914,58500
2022-04-05,239.1404571533203,239.1404571533203,236.3047995586169,239.1404571533203,26100
2022-04-06,236.3048095703125,238.195248046875,235.35959033203125,237.25002880859375,38800
2022-04-07,238.19525146484375,241.97612847222223,235.3595937093099,237.25003221299914,78300
2022-04-08,236.3048095703125,241.976125,235.35959033203125,241.976125,50400
2022-04-11,230.6334991455078,236.3048146982662,229.68827988671475,236.3048146982662,66200
2022-04-12,231.57870483398438,235.35958164760046,228.74304722377232,231.57870483398438,94500
2022-04-13,230.6334991455078,232.52393766309393,228.74306062792166,231.57871840430087,36800
2022-04-14,229.68826293945312,230.63348212850437,227.79782456135064,230.63348212850437,35400
2022-04-15,227.79782104492188,229.68825939384237,227.79782104492188,228.74304021938212,13700
2022-04-18,227.79782104492188,227.79782104492188,225.90738269600135,227.79782104492188,26700
2022-04-19,229.68826293945312,231.57870131755564,227.79782456135064,227.79782456135064,27600
2022-04-20,228.74305725097656,230.63349574065404,226.85261876129906,229.6882764958153,30200
2022-04-21,227.79782104492188,228.74304021938212,225.90738269600135,227.79782104492188,21500
2022-04-22,225.9073944091797,227.79783285611842,224.9621751857103,225.9073944091797,27500
2022-04-25,224.01695251464844,225.90739093249357,224.01695251464844,225.90739093249357,20200
2022-04-26,224.01695251464844,224.962171723571,222.1265140968033,223.07173330572587,28800
2022-04-27,222.12649536132812,223.07171449052527,221.18127623213098,222.12649536132812,16300
2022-04-28,222.12649536132812,223.07171449052527,221.18127623213098,222.12649536132812,33900
2022-05-02,222.12649536132812,222.12649536132812,221.18127623213098,222.12649536132812,7900
2022-05-06,221.18130493164062,222.12652418348526,220.23608567979602,222.12652418348526,19700
2022-05-09,223.0717315673828,226.85260837360963,222.1265123658261,225.90738917205292,40400
2022-05-10,224.96218872070312,225.9074080010422,221.18131159934677,225.9074080010422,21000
2022-05-11,225.9073944091797,225.9073944091797,222.1265175153022,224.01695596224093,34300
2022-05-12,222.12649536132812,224.96215274891952,222.12649536132812,224.0169336197224,15600
2022-05-13,222.12649536132812,223.07171449052527,220.23605710293384,222.12649536132812,25000
2022-05-16,222.12649536132812,223.07171449052527,219.2908379737367,223.07171449052527,16900
2022-05-17,220.23609924316406,219.2908799331076,215.51000269288159,219.2908799331076,27500
2022-05-18,224.01695251464844,224.962171723571,219.2908564700356,224.962171723571,23800
2022-05-19,222.12649536132812,224.0169336197224,222.12649536132812,224.0169336197224,28300
2022-05-20,224.01695251464844,226.85261014141614,223.07173330572587,223.07173330572587,37900
2022-05-23,231.57870483398438,237.25002005440848,229.68826642717636,234.41436244419643,165200
2022-05-24,229.68826293945312,230.63348212850437,227.79782456135064,229.68826293945312,22200
2022-05-25,229.68826293945312,231.57870131755564,228.74304375040188,231.57870131755564,22200
2022-05-26,230.6334991455078,232.52393766309393,228.74306062792166,230.6334991455078,22400
2022-05-27,229.68826293945312,231.57870131755564,228.74304375040188,228.74304375040188,55900
2022-05-30,232.52394104003906,234.41437958508004,230.63350249499808,230.63350249499808,31900
2022-05-31,231.57870483398438,235.35958164760046,230.63348563058037,230.63348563058037,34600
2022-06-01,231.57870483398438,234.41436244419643,230.63348563058037,230.63348563058037,27200
2022-06-02,232.52394104003906,236.304818130121,231.57872176751857,231.57872176751857,23000
2022-06-03,234.41436767578125,237.25002534927862,231.5787100022839,232.52392922678303,57200
2022-06-06,238.19525146484375,241.03090922037762,234.41437445746527,234.41437445746527,55900
2022-06-07,240.085693359375,240.085693359375,235.35959703340308,238.19525482898624,21900
2022-06-08,238.19525146484375,241.97612847222223,237.25003221299914,239.14047071668838,49600
2022-06-09,242.9213409423828,242.9213409423828,239.14046404055583,240.08568326601258,55800
2022-06-10,241.03089904785156,241.03089904785156,238.1952414119945,239.14046062394684,40300
2022-06-13,238.19525146484375,239.14047071668838,236.3048129611545,238.19525146484375,27400
2022-06-14,234.41436767578125,237.25002534927862,233.46914845128214,236.3048061247795,32500
2022-06-15,241.97613525390625,245.75701236724854,235.35960030555725,235.35960030555725,82000
2022-06-16,243.86656188964844,245.75700035390926,239.14046572899633,245.75700035390926,66200
2022-06-17,237.2500457763672,241.03092299989495,237.2500457763672,241.03092299989495,37400
2022-06-20,240.085693359375,241.9761318897638,237.25003556379184,238.19525482898624,32600
2022-06-21,242.9213409423828,243.86656016783954,238.1952448150991,238.1952448150991,28700
2022-06-22,250.48309326171875,258.9900662404186,241.97612028301887,242.92133950287442,345000
2022-06-23,250.48309326171875,258.9900662404186,245.75699716244105,256.154408580852,154200
2022-06-24,256.1544189453125,261.8257344939172,242.92134933190152,246.70222636430466,144000
2022-06-27,247.64744567871094,251.42832271197372,242.9213493871325,248.59266493702663,108900
2022-06-28,252.37353515625,253.31875438904493,248.5926582250702,249.53787745786516,43200
2022-06-29,256.1544189453125,258.0448574615141,251.42832265480857,252.37354191290936,54900
2022-06-30,256.1544189453125,258.0448574615141,253.31876117101015,256.1544189453125,42400
2022-07-01,246.70220947265625,256.1544014064745,243.86655189251078,256.1544014064745,79900
2022-07-04,258.04486083984375,258.04486083984375,243.86657178270949,243.86657178270949,108600
2022-07-05,256.1544189453125,258.0448574615141,253.31876117101015,258.0448574615141,46800
2022-07-06,264.6614074707031,275.05881990705217,255.20921434674943,263.7161881583078,588900
2022-07-07,267.4970397949219,275.05879357004335,262.77094368547097,270.3326974605924,378500
2022-07-08,260.8805236816406,267.4970587025518,251.42833079462466,267.4970587025518,186000
2022-07-11,262.77093505859375,265.6065926311685,261.8257158677355,261.8257158677355,52800
2022-07-12,261.82574462890625,262.77096392359545,256.1544288607711,259.93530603952786,68400
2022-07-13,256.1544189453125,259.9352959777156,256.1544189453125,257.0996382034133,45700
2022-07-14,259.9352722167969,260.8804913884943,252.37351884321734,260.8804913884943,71400
2022-07-15,254.26397705078125,263.71616950620063,254.26397705078125,258.9900732784909,110600
2022-07-19,248.5926513671875,254.26396660750356,247.64743216046816,253.31874740078422,81600
2022-07-20,242.9213409423828,249.53787552058,238.1952448150991,249.53787552058,132000
2022-07-21,250.48309326171875,259.9352854602742,243.86655872272996,245.75699716244105,214100
2022-07-22,249.53790283203125,254.26399947657728,249.53790283203125,254.26399947657728,65100
2022-07-25,252.37353515625,262.7709467169944,250.48309669066012,257.0996313202247,116900
2022-07-26,265.6065979003906,289.2370781406389,258.0448442235112,267.49703631961046,1948500
2022-07-27,258.04486083984375,266.5518342741243,258.04486083984375,261.8257379217462,171900
2022-07-28,262.77093505859375,266.55181182202676,258.04483910430247,260.88049667687727,156600
2022-07-29,264.6614074707031,267.49706540788924,258.04487228393555,264.6614074707031,102600
2022-08-01,258.04486083984375,262.77095719222183,253.31876448746567,262.77095719222183,78900
2022-08-02,253.3187713623047,258.9900871390727,253.3187713623047,258.0448678429447,62800
2022-08-03,251.42832946777344,254.26398731891373,248.59267161663314,253.31876803520032,76800
2022-08-04,246.70220947265625,250.48308624618355,246.70220947265625,249.53786705280172,54900
2022-08-05,248.5926513671875,250.4830897806262,245.75699374702947,246.7022129537488,57800
2022-08-08,257.099609375,262.77092428768384,253.31873276654412,258.04482852711396,183900
2022-08-09,252.37353515625,258.04485055301967,251.42831592345505,258.04485055301967,98300
2022-08-10,254.26397705078125,254.26397705078125,248.5926615775296,249.53788082307156,85900
2022-08-12,254.26397705078125,256.1544155418651,251.42831931415543,254.26397705078125,87400
2022-08-15,253.3187713623047,254.2639906584327,252.3735520661767,254.2639906584327,15800
2022-08-16,252.37353515625,253.31875438904493,245.75700052668537,253.31875438904493,73300
2022-08-17,252.37353515625,252.37353515625,249.53787745786516,251.42831592345505,25000
2022-08-18,249.53790283203125,251.42834148984966,248.59268350312203,249.53790283203125,15400
2022-08-19,249.53790283203125,253.31878014766806,247.64746417421281,250.48312216094044,46600
2022-08-22,247.64744567871094,249.53788419534234,247.64744567871094,248.59266493702663,13500
2022-08-23,247.64744567871094,247.64744567871094,245.75700716207956,247.64744567871094,18300
2022-08-24,244.811767578125,247.64742511763995,243.86654839828668,245.75698675796332,48300
2022-08-25,246.70220947265625,250.48308624618355,244.8117710858926,244.8117710858926,33000
2022-08-26,248.5926513671875,249.53787057390684,246.7022129537488,247.64743216046816,11200
2022-08-29,242.9213409423828,245.75699861875302,241.0309024914693,245.75699861875302,52600
2022-08-30,243.86656188964844,243.86656188964844,241.97612342538758,243.86656188964844,18900
2022-08-31,242.9213409423828,245.75699861875302,241.97612171692606,243.86656016783954,15700
2022-09-01,241.03089904785156,243.86655668370864,241.03089904785156,243.86655668370864,26600
2022-09-02,241.97613525390625,241.97613525390625,239.14047741889954,241.03091597557068,20800
2022-09-05,241.03089904785156,243.86655668370864,239.14046062394684,243.86655668370864,10800
2022-09-06,240.085693359375,241.9761318897638,240.085693359375,241.0309126245694,5700
2022-09-07,236.3048095703125,240.0856865234375,236.3048095703125,240.0856865234375,39000
2022-09-08,236.3048095703125,239.14046728515623,236.3048095703125,237.25002880859375,31500
2022-09-09,236.3048095703125,238.195248046875,236.3048095703125,237.25002880859375,15500
2022-09-12,237.2500457763672,240.08570369401303,237.2500457763672,237.2500457763672,20900
2022-09-13,234.41436767578125,236.3048061247795,229.68827155328566,229.68827155328566,34000
2022-09-14,232.52394104003906,234.41437958508004,231.57872176751857,233.46916031255955,23900
2022-09-15,234.41436767578125,235.3595869002804,232.52392922678303,234.41436767578125,5300
2022-09-16,233.46914672851562,233.46914672851562,231.57870829346692,233.46914672851562,12300
2022-09-20,232.52394104003906,233.46916031255955,230.63350249499808,233.46916031255955,27300
2022-09-21,232.52394104003906,233.46916031255955,231.57872176751857,232.52394104003906,11700
2022-09-22,232.52394104003906,233.46916031255955,230.63350249499808,231.57872176751857,8700
2022-09-26,230.6334991455078,232.52393766309393,228.74306062792166,232.52393766309393,31500
2022-09-27,230.6334991455078,231.57871840430087,227.7978413691286,231.57871840430087,14100
2022-09-28,228.74305725097656,229.6882764958153,222.12652253710533,229.6882764958153,32700
2022-09-29,226.35533142089844,229.22058878065664,225.40024563431237,225.40024563431237,19400
2022-09-30,227.3104248046875,227.3104248046875,224.4451673491662,224.4451673491662,13500
2022-10-03,227.3104248046875,227.3104248046875,224.4451673491662,226.35533898618039,11800
2022-10-04,230.1756591796875,230.1756591796875,224.44514484326373,226.35531628873832,22600
2022-10-05,230.1756591796875,232.0858306251621,228.2654877342129,231.1307449024248,12600
2022-10-06,230.1756591796875,230.1756591796875,227.31040201147562,227.31040201147562,10700
2022-10-07,229.2205810546875,230.17566680908203,227.31040954589844,227.31040954589844,11600
2022-10-11,226.35533142089844,230.1756745672427,225.40024563431237,230.1756745672427,21100
2022-10-12,226.35533142089844,228.26550299407057,226.35533142089844,226.35533142089844,9800
2022-10-13,225.40023803710938,228.26549530029297,225.40023803710938,228.26549530029297,14500
2022-10-14,224.4451446533203,229.22057326296544,224.4451446533203,229.22057326296544,23100
2022-10-17,226.35533142089844,226.35533142089844,224.4451598477263,226.35533142089844,9600
2022-10-18,229.2205810546875,229.2205810546875,226.3553237915039,227.31040954589844,12400
2022-10-19,236.8612823486328,236.8612823486328,229.22059582125758,230.17568163717948,60400
2022-10-20,237.8163604736328,239.72653204370215,236.86127468859814,238.77144625866748,23100
2022-10-21,238.77145385742188,239.72653967285157,237.81636804199218,239.72653967285157,32200
2022-10-24,238.77145385742188,239.72653967285157,237.81636804199218,239.72653967285157,11200
2022-10-25,236.8612823486328,239.72653979639855,234.951110716789,238.77145398047665,18000
2022-10-26,236.8612823486328,238.77145398047665,235.9061965327109,237.81636816455475,7600
2022-10-27,236.8612823486328,238.77145398047665,236.8612823486328,238.77145398047665,7200
2022-10-28,240.68162536621094,241.63671118115624,237.8163679213751,237.8163679213751,20100
2022-10-31,240.68162536621094,240.68162536621094,237.8163679213751,238.77145373632038,14200
2022-11-01,241.63670349121094,243.5468750603114,238.77144613756022,240.6816177066607,22700
2022-11-02,240.68162536621094,243.5468828110468,239.72653955126566,239.72653955126566,7400
2022-11-04,232.08584594726562,246.41213273413388,224.4451596609359,240.68161801938658,103500
2022-11-07,231.13076782226562,231.13076782226562,229.22059618737086,229.22059618737086,27400
2022-11-08,231.13076782226562,233.0409394571604,231.13076782226562,232.085853639713,16600
2022-11-09,233.0409393310547,233.0409393310547,230.17568188026303,233.0409393310547,4800
2022-11-10,236.8612823486328,240.68162561232046,234.951110716789,235.9061965327109,42100
2022-11-11,237.8163604736328,238.77144625866748,234.9511031185288,238.77144625866748,15500
2022-11-14,237.8163604736328,240.68161782873682,232.08584576342477,234.9511031185288,21000
2022-11-15,236.8612823486328,237.81636816455475,233.0409390849452,237.81636816455475,8500
2022-11-16,234.95111083984375,237.81636828911013,233.99602502342162,237.81636828911013,9800
2022-11-17,234.95111083984375,236.861282472688,233.99602502342162,234.95111083984375,9600
2022-11-18,235.90618896484375,238.77144632069206,234.951103179561,236.8612747501265,7500
2022-11-21,233.0409393310547,235.90619678184632,230.17568188026303,235.90619678184632,27800
2022-11-22,232.08584594726562,233.99601751884808,232.08584594726562,233.04093173305685,21000
2022-11-24,231.13076782226562,233.99602527460777,230.17568200481824,233.99602527460777,17400
2022-11-25,231.13076782226562,232.085853639713,230.17568200481824,232.085853639713,7700
2022-11-28,232.08584594726562,232.08584594726562,229.22058858989197,231.13076016147443,21900
2022-11-29,231.13076782226562,233.0409394571604,230.17568200481824,232.085853639713,5000
2022-11-30,231.13076782226562,231.13076782226562,230.17568200481824,230.17568200481824,5500
2022-12-01,231.13076782226562,232.085853639713,231.13076782226562,232.085853639713,11200
2022-12-02,232.08584594726562,232.08584594726562,230.1756743756832,232.08584594726562,6700
2022-12-05,230.1756591796875,232.0858306251621,230.1756591796875,230.1756591796875,4400
2022-12-06,229.2205810546875,230.17566680908203,228.26549530029297,229.2205810546875,6500
2022-12-07,228.2655029296875,230.17567450232085,228.2655029296875,230.17567450232085,3900
2022-12-08,229.2205810546875,230.17566680908203,227.31040954589844,230.17566680908203,23600
2022-12-09,227.3104248046875,230.17568226020876,225.4002531676733,228.2655106231946,32800
2022-12-12,228.2655029296875,233.0409318612709,226.35533135705413,227.3104171433708,21600
2022-12-13,228.2655029296875,229.2205887160042,227.3104171433708,228.2655029296875,7100
2022-12-14,228.2655029296875,228.2655029296875,227.3104171433708,228.2655029296875,8800
2022-12-15,229.2205810546875,229.2205810546875,226.3553237915039,228.26549530029297,15500
2022-12-16,226.35533142089844,229.22058878065664,225.40024563431237,229.22058878065664,38300
2022-12-19,225.40023803710938,226.3553237915039,225.40023803710938,226.3553237915039,12600
2022-12-20,221.57992553710938,227.31044085272427,221.57992553710938,225.40026908085264,43700
2022-12-21,220.62481689453125,221.57990268195346,217.7595595322646,220.62481689453125,43700
2022-12-22,217.7595672607422,222.5349963673374,214.89430979678505,220.62482472469932,38300
2022-12-23,216.8044891357422,218.71466084618925,213.93923157007157,217.75957499096572,53900
2022-12-26,212.98414611816406,218.71466126035682,212.02906026113195,218.71466126035682,37400
2022-12-27,212.02906799316406,214.89432566874737,211.07398210130296,212.02906799316406,69200
2022-12-28,219.66973876953125,223.4900820524796,210.1188805621603,211.07396638289742,114100
2022-12-29,223.49008178710938,223.49008178710938,212.98413777147601,213.93922359107907,54600
2022-12-30,224.4451446533203,225.40023037524935,219.6697160436752,221.57988748753326,33500
2023-01-04,218.7146453857422,226.3553316874275,216.80447381032084,225.40024589971682,31100
2023-01-05,217.7595672607422,219.66973890338028,216.80448143942314,218.71465308206123,8200
2023-01-06,215.84939575195312,218.71465321768702,214.89430993004183,214.89430993004183,12300
2023-01-10,218.7146453857422,220.6248169611635,214.89430223489953,217.75955959803153,15600
2023-01-11,219.66973876953125,219.66973876953125,217.75956712805706,217.75956712805706,4200
2023-01-12,219.66973876953125,220.62482459026833,217.75956712805706,219.66973876953125,13000
2023-01-13,215.84939575195312,217.75956739577572,212.98413828621923,214.89430993004183,26300
2023-01-16,213.93922424316406,216.80448171070645,213.93922424316406,215.84939588819233,14600
2023-01-17,213.93922424316406,213.93922424316406,212.98413842064994,213.93922424316406,15500
2023-01-18,214.89430236816406,216.80447394476997,212.02904500325522,214.89430236816406,18500
2023-01-19,213.93922424316406,216.80448171070645,212.98413842064994,213.93922424316406,7300
2023-01-20,214.89430236816406,215.84938815646703,212.98413079155816,213.93921657986112,18800
2023-01-23,215.84939575195312,216.80448157386442,213.93922410813053,214.89430993004183,9800
2023-01-24,216.8044891357422,217.75957499096572,214.89431742529513,215.84940328051866,10000
2023-01-25,216.8044891357422,218.71466084618925,214.89431742529513,218.71466084618925,10800
2023-01-26,216.8044891357422,216.8044891357422,214.89431742529513,214.89431742529513,10200
2023-01-27,216.8044891357422,217.75957499096572,214.89431742529513,215.84940328051866,10700
2023-01-30,215.84939575195312,219.6697390395983,215.84939575195312,218.71465321768702,31800
2023-01-31,216.8044891357422,218.71466084618925,215.84940328051866,215.84940328051866,9900
2023-02-01,216.8044891357422,218.71466084618925,216.8044891357422,218.71466084618925,8600
2023-02-02,214.89430236816406,217.75955973307293,214.89430236816406,217.75955973307293,19400
2023-02-03,219.66973876953125,219.66973876953125,214.89430966584578,215.84939548658286,38400
2023-02-06,216.8044891357422,217.75957499096572,212.98414571484804,214.89431742529513,92600
2023-02-07,215.84939575195312,216.80448157386442,214.89430993004183,215.84939575195312,7500
2023-02-08,215.84939575195312,215.84939575195312,214.89430993004183,215.84939575195312,11700
2023-02-09,217.7595672607422,217.7595672607422,214.89430979678505,215.8493956181041,13800
2023-02-10,216.8044891357422,218.71466084618925,214.89431742529513,218.71466084618925,26300
2023-02-13,216.8044891357422,217.75957499096572,214.89431742529513,216.8044891357422,10200
2023-02-14,220.62481689453125,221.57990268195346,217.7595595322646,217.7595595322646,66400
2023-02-15,220.62481689453125,226.35533161906451,217.7595595322646,220.62481689453125,150000
2023-02-16,221.57992553710938,223.490097308981,220.62483965117355,220.62483965117355,26100
2023-02-17,219.66973876953125,223.4900820524796,218.71465294879414,221.57991041100541,26700
2023-02-20,220.62481689453125,222.53498846937566,219.66973110710904,219.66973110710904,17600
2023-02-21,220.62481689453125,221.57990268195346,220.62481689453125,221.57990268195346,13600
2023-02-22,219.66973876953125,221.57991041100541,217.75956712805706,221.57991041100541,49100
2023-02-24,217.7595672607422,219.66973890338028,216.80448143942314,219.66973890338028,30500
2023-02-27,215.84939575195312,217.75956739577572,215.84939575195312,217.75956739577572,19300
2023-02-28,216.8044891357422,216.8044891357422,215.84940328051866,215.84940328051866,11000
2023-03-01,215.84939575195312,216.80448157386442,215.84939575195312,216.80448157386442,23800
2023-03-02,215.84939575195312,216.80448157386442,214.89430993004183,215.84939575195312,8600
2023-03-03,216.8044891357422,217.75957499096572,215.84940328051866,217.75957499096572,16200
2023-03-06,219.66973876953125,220.62482459026833,215.84939548658286,216.80448130731997,27900
2023-03-07,217.7595672607422,221.57991054601837,216.80448143942314,220.62482472469932,40500
2023-03-08,221.57992553710938,221.57992553710938,217.7595819933661,217.7595819933661,14100
2023-03-09,222.53500366210938,222.53500366210938,220.62483195685522,221.5799178094823,16500
2023-03-10,218.7146453857422,222.53498853658485,218.7146453857422,222.53498853658485,15700
2023-03-13,218.7146453857422,218.7146453857422,216.80447381032084,216.80447381032084,47100
2023-03-14,213.93922424316406,216.80448171070645,213.93922424316406,215.84939588819233,34900
2023-03-15,214.89430236816406,216.80447394476997,213.93921657986112,213.93921657986112,12600
2023-03-16,212.98414611816406,214.89431783222832,210.11888854706768,214.89431783222832,39600
2023-03-17,212.02906799316406,212.98415388502517,212.02906799316406,212.02906799316406,16900
2023-03-20,213.93922424316406,215.84939588819233,211.0739667756217,212.02905259813582,17600
2023-03-22,212.02906799316406,214.89432566874737,212.02906799316406,212.98415388502517,11900
2023-03-23,212.98414611816406,213.9392319751962,212.02906026113195,213.9392319751962,7600
2023-03-24,212.98414611816406,213.9392319751962,212.02906026113195,212.98414611816406,7800
2023-03-27,213.93922424316406,214.8943100656782,212.98413842064994,213.93922424316406,6100
2023-03-28,214.89430236816406,214.89430236816406,212.98413079155816,212.98413079155816,8900
2023-03-29,212.98414611816406,214.89431783222832,212.98414611816406,213.9392319751962,8000
2023-03-30,214.43301391601562,215.39892839311477,213.46709943891645,215.39892839311477,8100
2023-03-31,216.36483764648438,216.36483764648438,214.43300873892647,214.43300873892647,8200
2023-04-03,215.39892578125,217.33075471202355,215.39892578125,216.36484024663676,7100
2023-04-04,215.39892578125,216.36484024663676,215.39892578125,215.39892578125,6400
2023-04-05,216.36483764648438,217.33075210026334,214.43300873892647,215.39892319270544,24900
2023-04-06,215.39892578125,217.33075471202355,215.39892578125,217.33075471202355,10200
2023-04-07,215.39892578125,217.33075471202355,215.39892578125,215.39892578125,7600
2023-04-10,217.33074951171875,217.33074951171875,215.39892062717013,216.36483506944444,10500
2023-04-11,218.29666137695312,218.29666137695312,215.3989180843387,215.3989180843387,18400
2023-04-12,217.33074951171875,220.22849283854165,217.33074951171875,217.33074951171875,18300
2023-04-13,220.22850036621094,220.22850036621094,217.33075694033974,218.29667141563016,9500
2023-04-14,221.1944122314453,221.1944122314453,219.26258330365977,220.22849776755254,11100
2023-04-17,219.26258850097656,221.19441747455346,219.26258850097656,221.19441747455346,8000
2023-04-18,217.33074951171875,220.22849283854165,216.36483506944444,220.22849283854165,17900
2023-04-19,216.36483764648438,218.29666655404228,216.36483764648438,217.33075210026334,7500
2023-04-20,217.33074951171875,219.26257839626737,216.36483506944444,216.36483506944444,13900
2023-04-21,217.33074951171875,217.33074951171875,215.39892062717013,217.33074951171875,16500
2023-04-24,217.33074951171875,218.29666395399306,215.39892062717013,217.33074951171875,6500
2023-04-25,217.33074951171875,217.33074951171875,216.36483506944444,217.33074951171875,3000
2023-04-26,215.39892578125,217.33075471202355,215.39892578125,217.33075471202355,6300
2023-04-27,215.39892578125,215.39892578125,213.46709685047645,215.39892578125,27600
2023-04-28,216.36483764648438,220.22849546160018,214.43300873892647,214.43300873892647,20400
2023-05-01,215.39892578125,217.33075471202355,215.39892578125,217.33075471202355,12000
2023-05-02,216.36483764648438,217.33075210026334,213.46709428514754,214.43300873892647,28000
2023-05-08,214.43301391601562,216.36484287021395,214.43301391601562,216.36484287021395,5100
2023-05-09,215.39892578125,217.33075471202355,213.46709685047645,217.33075471202355,19600
2023-05-10,215.39892578125,215.39892578125,213.46709685047645,215.39892578125,14200
2023-05-11,214.43301391601562,215.39892839311477,212.50118496181727,214.43301391601562,20500
2023-05-12,214.43301391601562,214.43301391601562,212.50118496181727,214.43301391601562,7600
2023-05-15,214.43301391601562,215.39892839311477,212.50118496181727,213.46709943891645,15300
2023-05-16,213.4670867919922,215.39891563173873,210.5693435323724,215.39891563173873,28000
2023-05-17,212.5011749267578,212.5011749267578,210.5693460637873,212.5011749267578,11900
2023-05-18,210.56935119628906,211.5352656513179,209.6034367412602,210.56935119628906,21500
2023-05-19,212.5011749267578,213.46708935824307,210.5693460637873,210.5693460637873,17500
2023-05-22,209.60342407226562,211.5352528655584,208.63750967561924,208.63750967561924,31400
2023-05-23,208.63751220703125,210.569341023763,207.67159779866535,210.569341023763,23900
2023-05-24,214.43301391601562,215.39892839311477,208.6375270534206,210.56935600761895,53300
2023-05-25,216.36483764648438,237.61495562962125,210.5693509238107,222.16032436915808,351500
2023-05-26,215.39892578125,218.2966691774103,212.5011823850897,215.39892578125,23100
2023-05-29,213.4670867919922,218.29665889135853,212.50117237211893,216.364830051612,8300
2023-05-30,210.56935119628906,215.3989234714333,208.63752228623136,215.3989234714333,51300
2023-05-31,209.60342407226562,212.50116726220477,209.60342407226562,210.569338468912,16800
2023-06-01,211.53526306152344,211.53526306152344,209.60343417511683,211.53526306152344,24300
2023-06-02,213.4670867919922,213.4670867919922,210.5693435323724,210.5693435323724,13300
2023-06-05,211.53526306152344,212.50117750472674,210.56934861832013,212.50117750472674,16600
2023-06-06,210.56935119628906,211.5352656513179,210.56935119628906,210.56935119628906,10300
2023-06-07,211.53526306152344,211.53526306152344,209.60343417511683,210.56934861832013,13100
2023-06-08,210.56935119628906,211.5352656513179,210.56935119628906,211.5352656513179,7300
2023-06-09,212.5011749267578,212.5011749267578,210.5693460637873,211.53526049527255,13800
2023-06-12,211.53526306152344,212.50117750472674,211.53526306152344,212.50117750472674,12800
2023-06-13,212.5011749267578,212.5011749267578,211.53526049527255,212.5011749267578,10100
2023-06-14,211.53526306152344,213.46709194793004,210.56934861832013,213.46709194793004,12500
2023-06-15,211.53526306152344,212.50117750472674,210.56934861832013,211.53526306152344,11800
2023-06-16,211.53526306152344,212.50117750472674,210.56934861832013,212.50117750472674,30100
2023-06-19,213.4670867919922,213.4670867919922,211.53525795224567,212.50117237211893,20300
2023-06-20,212.5011749267578,213.46708935824307,211.53526049527255,213.46708935824307,22000
2023-06-21,212.5011749267578,212.5011749267578,211.53526049527255,211.53526049527255,14500
2023-06-22,210.56935119628906,212.50118010634677,209.6034367412602,212.50118010634677,43500
2023-06-23,210.56935119628906,210.56935119628906,209.6034367412602,210.56935119628906,17100
2023-06-26,212.5011749267578,212.5011749267578,209.60343163230203,210.5693460637873,27800
2023-06-27,211.53526306152344,212.50117750472674,210.56934861832013,212.50117750472674,14100
2023-06-28,212.5011749267578,212.5011749267578,210.5693460637873,212.5011749267578,4700
2023-06-29,211.53526306152344,212.50117750472674,211.53526306152344,212.50117750472674,17700
2023-06-30,213.4670867919922,213.4670867919922,210.5693435323724,211.53525795224567,12800
2023-07-03,211.53526306152344,213.46709194793004,210.56934861832013,213.46709194793004,33100
2023-07-04,212.5011749267578,213.46708935824307,211.53526049527255,211.53526049527255,6100
2023-07-05,211.53526306152344,212.50117750472674,211.53526306152344,212.50117750472674,11200
2023-07-06,211.53526306152344,212.50117750472674,211.53526306152344,212.50117750472674,10000
2023-07-07,212.5011749267578,212.5011749267578,210.5693460637873,212.5011749267578,6700
2023-07-10,210.56935119628906,211.5352656513179,210.56935119628906,211.5352656513179,15000
2023-07-11,212.5011749267578,212.5011749267578,210.5693460637873,210.5693460637873,2600
2023-07-12,210.56935119628906,211.5352656513179,210.56935119628906,211.5352656513179,6400
2023-07-13,210.56935119628906,212.50118010634677,210.56935119628906,212.50118010634677,9200
2023-07-14,210.56935119628906,212.50118010634677,209.6034367412602,212.50118010634677,19300
2023-07-18,210.56935119628906,211.5352656513179,209.6034367412602,210.56935119628906,6300
2023-07-19,213.4670867919922,213.4670867919922,209.60342911249913,211.53525795224567,18900
2023-07-20,212.5011749267578,214.43300378972833,210.5693460637873,213.46708935824307,22800
2023-07-21,211.53526306152344,212.50117750472674,211.53526306152344,212.50117750472674,6400
2023-07-24,210.56935119628906,211.5352656513179,210.56935119628906,211.5352656513179,7800
2023-07-25,211.53526306152344,211.53526306152344,210.56934861832013,211.53526306152344,8200
2023-07-26,210.56935119628906,211.5352656513179,210.56935119628906,210.56935119628906,8300
2023-07-27,210.56935119628906,212.50118010634677,210.56935119628906,210.56935119628906,14300
2023-07-28,211.53526306152344,212.50117750472674,210.56934861832013,212.50117750472674,13300
2023-07-31,211.53526306152344,212.50117750472674,210.56934861832013,212.50117750472674,22500
2023-08-01,211.53526306152344,212.50117750472674,210.56934861832013,212.50117750472674,13100
2023-08-02,211.53526306152344,211.53526306152344,210.56934861832013,210.56934861832013,15700
2023-08-03,209.60342407226562,211.5352528655584,209.60342407226562,210.569338468912,15900
2023-08-04,211.53526306152344,211.53526306152344,209.60343417511683,209.60343417511683,10100
2023-08-07,213.4670867919922,216.364830051612,212.50117237211893,216.364830051612,76500
2023-08-08,210.56935119628906,213.4670945613756,210.56935119628906,212.50118010634677,16100
2023-08-09,211.53526306152344,211.53526306152344,210.56934861832013,211.53526306152344,7300
2023-08-10,210.56935119628906,210.56935119628906,210.56935119628906,210.56935119628906,5700
2023-08-14,210.56935119628906,212.50118010634677,209.6034367412602,210.56935119628906,30200
2023-08-15,211.53526306152344,212.50117750472674,210.56934861832013,210.56934861832013,26700
2023-08-16,210.56935119628906,211.5352656513179,210.56935119628906,211.5352656513179,17700
2023-08-17,210.56935119628906,210.56935119628906,209.6034367412602,210.56935119628906,9800
2023-08-18,210.56935119628906,210.56935119628906,209.6034367412602,210.56935119628906,11300
2023-08-21,210.56935119628906,212.50118010634677,210.56935119628906,211.5352656513179,22700
2023-08-22,211.53526306152344,211.53526306152344,210.56934861832013,211.53526306152344,20100
2023-08-23,212.5011749267578,212.5011749267578,210.5693460637873,211.53526049527255,18300
2023-08-24,210.56935119628906,213.4670945613756,210.56935119628906,212.50118010634677,35500
2023-08-25,214.43301391601562,214.43301391601562,211.5352704847181,211.5352704847181,33700
2023-08-28,213.4670867919922,215.39891563173873,211.53525795224567,215.39891563173873,23100
2023-08-29,211.53526306152344,213.46709194793004,211.53526306152344,212.50117750472674,19200
2023-08-30,212.5011749267578,213.46708935824307,211.53526049527255,211.53526049527255,19600
2023-08-31,213.4670867919922,215.39891563173873,212.50117237211893,212.50117237211893,36700
2023-09-01,217.33074951171875,217.33074951171875,213.46709174262153,214.43300618489585,53600
2023-09-04,214.43301391601562,217.33075734731312,214.43301391601562,217.33075734731312,16500
2023-09-05,216.36483764648438,217.33075210026334,214.43300873892647,217.33075210026334,30400
2023-09-06,214.43301391601562,217.33075734731312,214.43301391601562,216.36484287021395,12900
2023-09-07,215.39892578125,215.39892578125,214.4330113158632,215.39892578125,18300
2023-09-08,217.33074951171875,217.33074951171875,214.43300618489585,214.43300618489585,25900
2023-09-11,216.36483764648438,218.29666655404228,215.39892319270544,217.33075210026334,19600
2023-09-12,222.1603240966797,226.02398190705674,217.3307518337084,217.3307518337084,145200
2023-09-13,220.22850036621094,223.12624379208214,219.26258589092055,223.12624379208214,45000
2023-09-14,222.1603240966797,222.1603240966797,218.29666628630267,220.2284951914912,34000
2023-09-15,226.02398681640625,226.98990128998062,220.22849997495993,222.1603289221087,101900
2023-09-19,225.05807495117188,230.85356185978574,225.05807495117188,227.95581840547882,52700
2023-09-20,224.0921630859375,226.02399207805763,223.1262485898774,225.05807758199757,40400
2023-09-21,221.1944122314453,226.02398455090918,220.22849776755254,224.09215562312363,67300
2023-09-22,219.26258850097656,222.1603319613419,216.36484504061124,220.228502987765,33300
2023-09-25,218.29666137695312,220.22849023869608,213.46708922259575,220.22849023869608,28900
2023-09-26,218.29666137695312,218.29666137695312,216.36483251521017,216.36483251521017,5900
2023-09-27,217.33074951171875,217.33074951171875,215.39892062717013,217.33074951171875,14900
2023-09-28,218.79591369628906,219.77268116814747,217.81914622443063,218.79591369628906,8100
2023-09-29,222.70297241210938,222.70297241210938,217.81913529780874,217.81913529780874,7200
2023-10-02,221.72621154785156,222.7029789996042,220.7494440960989,222.7029789996042,8700
2023-10-03,219.77267456054688,222.70297688802083,219.77267456054688,222.70297688802083,7600
2023-10-04,216.84237670898438,217.81914417163745,213.91207432102513,214.8888417836782,28800
2023-10-05,217.8191375732422,218.79590500630604,214.88883527405056,214.88883527405056,6300
2023-10-06,218.79591369628906,220.7494486400059,214.8888438088553,217.81914622443063,9300
2023-10-10,217.8191375732422,219.7726724393699,217.8191375732422,217.8191375732422,7100
2023-10-11,218.79591369628906,219.77268116814747,216.8423787525722,217.81914622443063,8500
2023-10-12,217.8191375732422,220.74943987243378,217.8191375732422,219.7726724393699,13100
2023-10-13,210.0050048828125,214.8888422056686,210.0050048828125,213.91207474109737,108800
2023-10-16,209.02822875976562,210.00499618387667,205.12115906332141,210.00499618387667,53400
2023-10-17,209.02822875976562,210.00499618387667,208.05146133565458,209.02822875976562,11400
2023-10-18,210.9817657470703,210.9817657470703,209.02823087904187,209.02823087904187,12800
2023-10-19,208.0514678955078,210.98177026023328,208.0514678955078,210.00500280532478,13500
2023-10-20,207.07469177246094,211.95852884256615,207.07469177246094,209.02822660050302,17300
2023-10-23,208.0514678955078,209.0282353504163,207.07470044059932,207.07470044059932,4100
2023-10-24,207.07469177246094,209.02822660050302,205.12115694441886,209.02822660050302,21300
2023-10-25,204.14439392089844,208.05146366101133,204.14439392089844,207.0746962259831,37000
2023-10-26,205.12115478515625,206.0979221888951,204.1443873814174,205.12115478515625,10500
2023-10-27,204.14439392089844,206.09792879095488,204.14439392089844,206.09792879095488,7600
2023-10-30,205.12115478515625,206.0979221888951,204.1443873814174,204.1443873814174,9500
2023-10-31,205.12115478515625,206.0979221888951,204.1443873814174,206.0979221888951,4200
2023-11-01,209.02822875976562,209.02822875976562,205.12115906332141,205.12115906332141,12400
2023-11-02,210.9817657470703,210.9817657470703,207.07469601101346,209.02823087904187,35500
2023-11-06,207.07469177246094,207.07469177246094,205.12115694441886,206.0979243584399,22500
2023-11-07,206.09793090820312,207.07469835326572,206.09793090820312,206.09793090820312,13700
2023-11-08,207.07469177246094,207.07469177246094,206.0979243584399,207.07469177246094,10500
2023-11-09,206.09793090820312,208.05146579832828,206.09793090820312,207.07469835326572,5100
2023-11-10,206.09793090820312,208.05146579832828,206.09793090820312,206.09793090820312,3800
2023-11-13,206.09793090820312,207.07469835326572,205.12116346314056,207.07469835326572,7600
2023-11-14,203.16761779785156,206.09791997762827,203.16761779785156,206.09791997762827,22400
2023-11-15,204.14439392089844,205.12116135592666,202.190859050842,204.14439392089844,13700
2023-11-16,204.14439392089844,205.12116135592666,203.16762648587022,203.16762648587022,9800
2023-11-17,202.19085693359375,205.12115920799366,200.2373220839938,204.1443917831937,65900
2023-11-20,203.16761779785156,203.16761779785156,202.19085040459265,203.16761779785156,30800
2023-11-21,205.12115478515625,206.0979221888951,203.16761997767858,203.16761997767858,22100
2023-11-22,204.14439392089844,205.12116135592666,204.14439392089844,205.12116135592666,17400
2023-11-24,209.02822875976562,214.88883330443196,204.14439163921034,206.09792648743246,91600
2023-11-27,212.935302734375,215.865605065582,209.02823295943233,214.88883762184633,51000
2023-11-28,212.935302734375,212.935302734375,207.07469807196102,212.935302734375,33600
2023-11-29,210.0050048828125,212.93530727652615,209.02823741824128,212.93530727652615,14800
2023-11-30,208.0514678955078,210.00500280532478,207.07470044059932,210.00500280532478,9800
2023-12-01,214.8888397216797,224.6565142544833,208.05146754871714,208.05146754871714,777600
2023-12-04,209.02822875976562,214.88883330443196,208.05146133565458,213.9120658803209,151100
2023-12-05,208.0514678955078,210.00500280532478,207.07470044059932,210.00500280532478,35400
2023-12-06,210.0050048828125,219.7726795285247,209.02823741824128,209.02823741824128,122400
2023-12-07,210.9817657470703,212.93530061509873,210.9817657470703,210.9817657470703,55400
2023-12-08,210.9817657470703,214.88883548312717,210.0049983130561,214.88883548312717,58500
2023-12-11,208.0514678955078,214.88884007986724,207.07470044059932,212.93530517005024,56300
2023-12-12,208.0514678955078,209.0282353504163,207.07470044059932,208.0514678955078,24400
2023-12-13,207.07469177246094,208.051459186482,206.0979243584399,208.051459186482,18400
2023-12-14,207.07469177246094,208.051459186482,205.12115694441886,207.07469177246094,27800
2023-12-15,205.12115478515625,208.05145699637276,205.12115478515625,208.05145699637276,17300
2023-12-18,205.12115478515625,206.0979221888951,204.1443873814174,206.0979221888951,27700
2023-12-19,202.19085693359375,205.12115920799366,202.19085693359375,204.1443917831937,55700
2023-12-20,203.16761779785156,205.12115258436936,202.19085040459265,202.19085040459265,42400
2023-12-21,201.21408081054688,203.16761557569782,201.21408081054688,203.16761557569782,27500
2023-12-22,201.21408081054688,203.16761557569782,201.21408081054688,203.16761557569782,32100
2023-12-25,197.30702209472656,201.21409183917658,197.30702209472656,201.21409183917658,67400
2023-12-26,199.26055908203125,200.2373265285118,197.30702418907018,200.2373265285118,50400
2023-12-27,198.28378295898438,198.28378295898438,196.3302481515067,198.28378295898438,58100
2023-12-28,200.23731994628906,200.23731994628906,197.30701770317265,199.26055253191691,23900
2023-12-29,203.16761779785156,204.14438519111047,198.28378083155704,198.28378083155704,28600
2024-01-04,202.19085693359375,203.1676243583937,200.2373220839938,203.1676243583937,24100
2024-01-05,202.19085693359375,203.1676243583937,202.19085693359375,202.19085693359375,9100
2024-01-09,204.14439392089844,205.12116135592666,202.190859050842,204.14439392089844,16600
2024-01-10,204.14439392089844,205.12116135592666,204.14439392089844,205.12116135592666,18800
2024-01-11,204.14439392089844,206.09792879095488,203.16762648587022,205.12116135592666,18100
2024-01-12,202.19085693359375,204.1443917831937,202.19085693359375,203.1676243583937,11500
2024-01-15,203.16761779785156,203.16761779785156,203.16761779785156,203.16761779785156,2900
2024-01-16,201.21408081054688,204.14438295827327,201.21408081054688,204.14438295827327,11800
2024-01-17,201.21408081054688,203.16761557569782,201.21408081054688,202.19084819312235,15300
2024-01-18,203.16761779785156,203.16761779785156,199.26054822481595,202.19085040459265,23900
2024-01-19,201.21408081054688,204.14438295827327,201.21408081054688,203.16761557569782,19200
2024-01-22,202.19085693359375,203.1676243583937,201.2140895087938,201.2140895087938,9800
2024-01-23,203.16761779785156,203.16761779785156,202.19085040459265,202.19085040459265,5900
2024-01-24,203.16761779785156,203.16761779785156,201.21408301133374,203.16761779785156,20600
2024-01-25,206.09793090820312,207.07469835326572,202.19086112795284,203.1676285730154,41900
2024-01-26,205.12115478515625,206.0979221888951,202.19085257393974,203.16761997767858,19100
2024-01-29,206.09793090820312,207.07469835326572,205.12116346314056,205.12116346314056,8200
2024-01-30,205.12115478515625,207.07468959263394,203.16761997767858,207.07468959263394,9600
2024-01-31,204.14439392089844,206.09792879095488,204.14439392089844,205.12116135592666,3100
2024-02-01,203.16761779785156,206.09791997762827,201.21408301133374,204.14438519111047,26800
2024-02-02,203.16761779785156,203.16761779785156,201.21408301133374,201.21408301133374,27800
2024-02-05,203.16761779785156,205.12115258436936,202.19085040459265,203.16761779785156,29400
2024-02-06,208.0514678955078,234.42418917803698,205.12116553078235,209.0282353504163,1354900
2024-02-07,206.09793090820312,206.09793090820312,203.1676285730154,205.12116346314056,97100
2024-02-08,203.16761779785156,205.12115258436936,203.16761779785156,205.12115258436936,37200
2024-02-09,202.19085693359375,203.1676243583937,201.2140895087938,202.19085693359375,63800
2024-02-13,201.21408081054688,202.19084819312235,199.26054604539593,202.19084819312235,53600
2024-02-14,201.21408081054688,201.21408081054688,199.26054604539593,201.21408081054688,36900
2024-02-15,198.28378295898438,200.23731776646207,197.30701555524553,200.23731776646207,37700
2024-02-16,198.28378295898438,200.23731776646207,197.30701555524553,198.28378295898438,26700
2024-02-19,201.21408081054688,201.21408081054688,197.30701128024498,198.28377866282045,15700
2024-02-20,201.21408081054688,201.21408081054688,199.26054604539593,201.21408081054688,23200
2024-02-21,201.21408081054688,201.21408081054688,199.26054604539593,199.26054604539593,5000
2024-02-22,200.23731994628906,201.2140873606612,199.26055253191691,201.2140873606612,22000
2024-02-26,201.21408081054688,201.21408081054688,199.26054604539593,200.2373134279714,13700
2024-02-27,200.23731994628906,200.23731994628906,199.26055253191691,200.23731994628906,17200
2024-02-28,201.21408081054688,204.14438295827327,200.2373134279714,200.2373134279714,35200
2024-02-29,203.16761779785156,204.14438519111047,201.21408301133374,201.21408301133374,22800
2024-03-01,201.21408081054688,203.16761557569782,201.21408081054688,203.16761557569782,19100
2024-03-04,202.19085693359375,204.1443917831937,202.19085693359375,204.1443917831937,15900
2024-03-05,200.23731994628906,202.19085477503336,200.23731994628906,202.19085477503336,15900
2024-03-06,202.19085693359375,202.19085693359375,199.26055465919384,200.2373220839938,38400
2024-03-07,202.19085693359375,202.19085693359375,200.2373220839938,200.2373220839938,24000
2024-03-08,201.21408081054688,202.19084819312235,200.2373134279714,202.19084819312235,7700
2024-03-11,200.23731994628906,201.2140873606612,200.23731994628906,200.23731994628906,25000
2024-03-12,200.23731994628906,201.2140873606612,199.26055253191691,201.2140873606612,25900
2024-03-13,199.26055908203125,200.2373265285118,199.26055908203125,200.2373265285118,26700
2024-03-14,200.23731994628906,201.2140873606612,199.26055253191691,200.23731994628906,7500
2024-03-15,200.23731994628906,202.19085477503336,200.23731994628906,201.2140873606612,18400
2024-03-18,202.19085693359375,204.1443917831937,200.2373220839938,202.19085693359375,29500
2024-03-19,203.16761779785156,203.16761779785156,201.21408301133374,201.21408301133374,11400
2024-03-21,204.14439392089844,205.12116135592666,203.16762648587022,204.14439392089844,38600
2024-03-22,207.07469177246094,212.93529625658718,205.12115694441886,209.02822660050302,69300
2024-03-25,208.0514678955078,208.0514678955078,206.09793298569085,207.07470044059932,8000
2024-03-26,204.14439392089844,207.0746962259831,204.14439392089844,207.0746962259831,27500
2024-03-27,206.09793090820312,206.09793090820312,205.12116346314056,206.09793090820312,8300
2024-03-28,207.5806427001953,207.5806427001953,205.6036841982887,207.5806427001953,7900
2024-03-29,208.56912231445312,208.56912231445312,205.6036845564277,206.59216380910286,14300
2024-04-01,207.5806427001953,209.55760120210195,206.592163449242,206.592163449242,26700
2024-04-02,206.5921630859375,209.55760083358254,205.6036838367225,209.55760083358254,16600
2024-04-03,205.6036834716797,206.59216271913968,204.6152042242197,205.6036834716797,16900
2024-04-04,204.61520385742188,205.6036831031099,204.61520385742188,204.61520385742188,9800
2024-04-05,203.62672424316406,205.60368273096176,203.62672424316406,205.60368273096176,20100
2024-04-08,205.6036834716797,205.6036834716797,203.62672497675968,203.62672497675968,13100
2024-04-09,205.6036834716797,205.6036834716797,204.6152042242197,205.6036834716797,2100
2024-04-10,204.61520385742188,206.59216234879793,204.61520385742188,205.6036831031099,15400
2024-04-11,204.61520385742188,205.6036831031099,204.61520385742188,204.61520385742188,12300
2024-04-12,204.61520385742188,205.6036831031099,204.61520385742188,204.61520385742188,8400
2024-04-15,204.61520385742188,204.61520385742188,202.63824536604582,203.62672461173383,15100
2024-04-16,202.63824462890625,203.62672387099846,202.63824462890625,203.62672387099846,17900
2024-04-17,202.63824462890625,204.6152031130907,202.63824462890625,203.62672387099846,14500
2024-04-18,204.61520385742188,204.61520385742188,202.63824536604582,202.63824536604582,10500
2024-04-19,202.63824462890625,204.6152031130907,202.63824462890625,204.6152031130907,13400
2024-04-22,203.62672424316406,203.62672424316406,202.6382449992652,202.6382449992652,11200
2024-04-23,204.61520385742188,204.61520385742188,203.62672461173383,203.62672461173383,8700
2024-04-24,205.6036834716797,205.6036834716797,203.62672497675968,204.6152042242197,4900
2024-04-25,204.61520385742188,205.6036831031099,204.61520385742188,205.6036831031099,12600
2024-04-26,206.5921630859375,213.51151783044259,204.61520458750746,212.52303858122758,152400
2024-04-30,204.61520385742188,206.59216234879793,203.62672461173383,204.61520385742188,35100
2024-05-01,203.62672424316406,206.59216197486063,203.62672424316406,204.61520348706293,14200
2024-05-02,204.61520385742188,205.6036831031099,203.62672461173383,203.62672461173383,12100
2024-05-07,205.6036834716797,205.6036834716797,203.62672497675968,203.62672497675968,6500
2024-05-08,204.61520385742188,206.59216234879793,204.61520385742188,205.6036831031099,9300
2024-05-09,205.6036834716797,205.6036834716797,204.6152042242197,205.6036834716797,4400
2024-05-10,204.61520385742188,206.59216234879793,204.61520385742188,205.6036831031099,14500
2024-05-13,205.6036834716797,206.59216271913968,205.6036834716797,205.6036834716797,15500
2024-05-14,205.6036834716797,208.5691212140597,205.6036834716797,207.58064196659967,33900
2024-05-15,204.61520385742188,206.59216234879793,203.62672461173383,205.6036831031099,28400
2024-05-16,204.61520385742188,204.61520385742188,202.63824536604582,203.62672461173383,21700
2024-05-17,203.62672424316406,203.62672424316406,202.6382449992652,203.62672424316406,10200
2024-05-20,203.62672424316406,206.59216197486063,203.62672424316406,203.62672424316406,20100
2024-05-21,204.61520385742188,204.61520385742188,203.62672461173383,204.61520385742188,8300
2024-05-22,203.62672424316406,204.61520348706293,203.62672424316406,204.61520348706293,6300
2024-05-23,202.63824462890625,204.6152031130907,202.63824462890625,203.62672387099846,11100
2024-05-24,202.63824462890625,203.62672387099846,202.63824462890625,202.63824462890625,19300
2024-05-27,202.63824462890625,203.62672387099846,202.63824462890625,203.62672387099846,2900
2024-05-28,202.63824462890625,203.62672387099846,202.63824462890625,203.62672387099846,6300
2024-05-29,202.63824462890625,203.62672387099846,202.63824462890625,203.62672387099846,4600
2024-05-30,203.62672424316406,203.62672424316406,201.64976575536636,202.6382449992652,11000
2024-05-31,203.62672424316406,203.62672424316406,201.64976575536636,202.6382449992652,16000
2024-06-03,203.62672424316406,203.62672424316406,202.6382449992652,203.62672424316406,9000
2024-06-04,203.62672424316406,203.62672424316406,202.6382449992652,202.6382449992652,5900
2024-06-05,202.63824462890625,203.62672387099846,202.63824462890625,203.62672387099846,9000
2024-06-06,204.61520385742188,204.61520385742188,202.63824536604582,203.62672461173383,11500
2024-06-07,203.62672424316406,204.61520348706293,202.6382449992652,203.62672424316406,5200
2024-06-10,203.62672424316406,204.61520348706293,203.62672424316406,203.62672424316406,5800
2024-06-11,203.62672424316406,204.61520348706293,202.6382449992652,202.6382449992652,6100
2024-06-12,203.62672424316406,204.61520348706293,202.6382449992652,204.61520348706293,2100
2024-06-13,202.63824462890625,204.6152031130907,202.63824462890625,203.62672387099846,7600
2024-06-14,204.61520385742188,204.61520385742188,202.63824536604582,202.63824536604582,2800
2024-06-17,203.62672424316406,203.62672424316406,202.6382449992652,202.6382449992652,14800
2024-06-18,201.64976501464844,203.6267234951842,201.64976501464844,203.6267234951842,47200
2024-06-19,203.62672424316406,203.62672424316406,201.64976575536636,202.6382449992652,6400
2024-06-20,203.62672424316406,203.62672424316406,201.64976575536636,203.62672424316406,14100
2024-06-21,203.62672424316406,203.62672424316406,202.6382449992652,202.6382449992652,3500
2024-06-24,203.62672424316406,203.62672424316406,202.6382449992652,202.6382449992652,4400
2024-06-25,203.62672424316406,203.62672424316406,202.6382449992652,202.6382449992652,12700
2024-06-26,203.62672424316406,203.62672424316406,202.6382449992652,203.62672424316406,5500
2024-06-27,203.62672424316406,203.62672424316406,202.6382449992652,203.62672424316406,42500
2024-06-28,203.62672424316406,204.61520348706293,202.6382449992652,203.62672424316406,11700
2024-07-01,203.62672424316406,204.61520348706293,202.6382449992652,203.62672424316406,12800
2024-07-02,202.63824462890625,204.6152031130907,202.63824462890625,204.6152031130907,11600
2024-07-03,203.62672424316406,204.61520348706293,202.6382449992652,203.62672424316406,9000
2024-07-04,203.62672424316406,204.61520348706293,203.62672424316406,203.62672424316406,1800
2024-07-05,203.62672424316406,204.61520348706293,203.62672424316406,204.61520348706293,3600
2024-07-08,203.62672424316406,204.61520348706293,203.62672424316406,204.61520348706293,14300
2024-07-09,203.62672424316406,204.61520348706293,203.62672424316406,204.61520348706293,6500
2024-07-10,204.61520385742188,204.61520385742188,203.62672461173383,203.62672461173383,13100
2024-07-11,203.62672424316406,204.61520348706293,202.6382449992652,204.61520348706293,12400
2024-07-12,202.63824462890625,203.62672387099846,202.63824462890625,202.63824462890625,10200
2024-07-16,203.62672424316406,204.61520348706293,203.62672424316406,203.62672424316406,10400
2024-07-17,209.55760192871094,209.55760192871094,204.61520565680738,204.61520565680738,45500
2024-07-18,208.56912231445312,215.48847708317905,205.6036845564277,206.59216380910286,177700
2024-07-19,211.53456115722656,212.5230404149706,206.5921648685063,211.53456115722656,86300
2024-07-22,210.54608154296875,216.47695707939042,209.5576022868985,215.48847782332015,96600
2024-07-23,208.56912231445312,210.5460808198034,207.58064306177798,210.5460808198034,30500
2024-07-24,207.5806427001953,210.54608045305525,205.6036841982887,208.56912195114862,35500
2024-07-25,208.56912231445312,222.40783185190497,204.6152053037526,204.6152053037526,98400
2024-07-26,204.61520385742188,206.59216234879793,202.63824536604582,205.6036831031099,103800
2024-07-29,207.5806427001953,212.52303895496186,204.61520494733537,205.6036841982887,87000
2024-07-30,207.5806427001953,211.53455970400856,207.5806427001953,210.54608045305525,11100
2024-07-31,208.56912231445312,210.5460808198034,206.59216380910286,207.58064306177798,6900
2024-08-01,206.5921630859375,210.54608008279754,206.5921630859375,208.56912158436754,18800
2024-08-02,202.63824462890625,206.59216159727515,201.649765386814,205.6036823551829,64600
2024-08-05,182.86866760253906,201.64977400496198,182.86866760253906,201.64977400496198,121900
2024-08-06,183.85714721679688,191.76498150569137,177.926271500126,177.926271500126,107300
2024-08-07,185.8341064453125,187.81106502451794,179.90323070769614,179.90323070769614,29900
2024-08-08,190.7764892578125,190.7764892578125,184.84561394409812,187.8110516009553,13900
2024-08-09,188.79954528808594,191.764983172192,187.81106599338392,188.79954528808594,30600
2024-08-13,190.7764892578125,191.7649684767649,187.8110516009553,187.8110516009553,17000
2024-08-14,192.75344848632812,192.75344848632812,190.7764900403145,191.76496926332132,12700
2024-08-15,200.66128540039062,205.60368159251848,192.75345149298607,192.75345149298607,118100
2024-08-16,198.684326171875,204.61520157999067,196.7073677025031,198.684326171875,51200
2024-08-19,195.71888732910156,201.64976270271072,195.71888732910156,199.672804244841,38800
2024-08-20,198.684326171875,200.66128464124688,196.7073677025031,196.7073677025031,14500
2024-08-21,196.70736694335938,199.67280463597282,196.70736694335938,199.67280463597282,25300
2024-08-22,196.70736694335938,198.68432540510167,196.70736694335938,197.69584617423052,14700
2024-08-23,245.14285278320312,245.14285278320312,199.67280750889933,199.67280750889933,6893700
2024-08-26,309.3940124511719,324.22120154627595,256.01613170879716,284.68203062599844,12636600
2024-08-27,280.7281188964844,314.33641482071135,264.9124502262599,294.5668289829308,7133400
2024-08-28,258.9815673828125,273.8087563551109,247.11981620497374,272.82027709029103,1815800
2024-08-29,247.11981201171875,266.88939697265624,242.1774157714844,265.90091772460937,1438500
2024-08-30,239.21197509765625,246.13132974924133,235.25805815389333,243.16589204141917,744300
2024-09-02,223.3963165283203,238.2235056784301,223.3963165283203,238.2235056784301,576600
2024-09-03,223.3963165283203,234.26958857173415,220.43087869829836,222.40783725164633,478400
2024-09-04,220.43087768554688,220.43087768554688,213.5115227806194,218.4539191412819,310900
2024-09-05,218.45391845703125,223.39631480221297,214.5000013808859,216.47695991895858,195000
2024-09-06,208.56912231445312,220.4308733465547,206.59216380910286,219.44239409387959,328200
2024-09-09,209.55760192871094,210.54608118309164,201.64976789366523,201.64976789366523,171300
2024-09-10,210.54608154296875,212.5230400551093,208.5691230308282,212.5230400551093,60700
2024-09-11,202.63824462890625,210.54607856564405,201.649765386814,208.5691200814596,125500
2024-09-12,204.61520385742188,207.58064159448597,203.62672461173383,205.6036831031099,57800
2024-09-13,203.62672424316406,210.54607895045604,201.64976575536636,202.6382449992652,149600
2024-09-17,202.63824462890625,205.6036823551829,200.6612861447218,204.6152031130907,86100
2024-09-18,204.61520385742188,204.61520385742188,202.63824536604582,202.63824536604582,36100
2024-09-19,208.56912231445312,209.55760156712824,203.62672605107744,204.6152053037526,74700
2024-09-20,218.45391845703125,253.05069287330318,206.59216722859517,208.56912576666787,9642600
2024-09-24,211.53456115722656,213.51151967271466,207.58064412625035,210.54608189948252,1025500
2024-09-25,208.56912231445312,212.52303932515366,207.58064306177798,207.58064306177798,205400
2024-09-26,214.5,214.5,207.58064516129033,208.56912442396313,258800
2024-09-27,211.0,223.0,210.0,214.0,235900
2024-09-30,208.0,211.0,208.0,208.0,87100
2024-10-01,210.0,213.0,209.0,209.0,57100
2024-10-02,209.0,214.0,209.0,212.0,65100
2024-10-03,210.0,214.0,210.0,214.0,44400
2024-10-04,214.0,220.0,211.0,211.0,175200
2024-10-07,211.0,216.0,211.0,216.0,53900
2024-10-08,209.0,214.0,208.0,213.0,80400
2024-10-09,207.0,210.0,206.0,210.0,73300
2024-10-10,206.0,208.0,205.0,207.0,76700
2024-10-11,203.0,208.0,203.0,208.0,167800
2024-10-15,205.0,206.0,203.0,204.0,29800
2024-10-16,204.0,205.0,203.0,204.0,26600
2024-10-17,207.0,208.0,204.0,207.0,64900
2024-10-18,205.0,217.0,204.0,207.0,497400
2024-10-21,203.0,206.0,203.0,205.0,100600
2024-10-22,201.0,204.0,200.0,204.0,81200
2024-10-23,202.0,204.0,200.0,201.0,63300
2024-10-24,201.0,202.0,200.0,201.0,26700
2024-10-25,200.0,202.0,199.0,201.0,91400
2024-10-28,203.0,204.0,201.0,201.0,48700
2024-10-29,203.0,207.0,202.0,204.0,65300
2024-10-30,206.0,207.0,205.0,206.0,26400
2024-10-31,207.0,207.0,205.0,206.0,19100
2024-11-01,204.0,208.0,204.0,206.0,27600
2024-11-05,208.0,209.0,205.0,208.0,58700
2024-11-06,207.0,208.0,206.0,206.0,39600
2024-11-07,208.0,208.0,205.0,205.0,38400
2024-11-08,205.0,207.0,204.0,206.0,32200
2024-11-11,205.0,207.0,204.0,205.0,19900
2024-11-12,204.0,206.0,204.0,206.0,34100
2024-11-13,205.0,207.0,204.0,205.0,36100
2024-11-14,205.0,206.0,203.0,206.0,21600
2024-11-15,204.0,205.0,203.0,204.0,9800
2024-11-18,205.0,208.0,205.0,205.0,49100
2024-11-19,207.0,207.0,205.0,207.0,17300
2024-11-20,208.0,211.0,207.0,207.0,49100
2024-11-21,212.0,222.0,210.0,214.0,396000
2024-11-22,212.0,213.0,210.0,212.0,28200
2024-11-25,210.0,212.0,207.0,212.0,71300
2024-11-26,211.0,211.0,207.0,211.0,44800
2024-11-27,211.0,212.0,210.0,211.0,17400
2024-11-28,210.0,212.0,208.0,211.0,18600
2024-11-29,209.0,210.0,205.0,209.0,38000
2024-12-02,207.0,210.0,207.0,209.0,16200
2024-12-03,207.0,209.0,206.0,207.0,16300
2024-12-04,205.0,208.0,205.0,208.0,17300
2024-12-05,206.0,209.0,205.0,205.0,59700
2024-12-06,210.0,212.0,206.0,210.0,99300
2024-12-09,207.0,210.0,206.0,207.0,62300
2024-12-10,208.0,209.0,206.0,208.0,20300
2024-12-11,208.0,208.0,206.0,208.0,40200
2024-12-12,205.0,208.0,205.0,206.0,20100
2024-12-13,205.0,206.0,204.0,205.0,35600
2024-12-16,206.0,206.0,204.0,205.0,31300
2024-12-17,205.0,206.0,204.0,206.0,35700
2024-12-18,204.0,206.0,204.0,205.0,34600
2024-12-19,204.0,205.0,204.0,204.0,21500
2024-12-20,207.0,209.0,204.0,204.0,76200
2024-12-23,206.0,207.0,205.0,206.0,14100
2024-12-24,205.0,207.0,205.0,206.0,17600
2024-12-25,204.0,206.0,203.0,206.0,74400
2024-12-26,208.0,209.0,204.0,204.0,177600
2024-12-27,205.0,208.0,205.0,205.0,48500
2024-12-30,205.0,207.0,205.0,205.0,29300
2025-01-06,204.0,205.0,203.0,205.0,73000
2025-01-07,206.0,209.0,205.0,206.0,69000
2025-01-08,229.0,252.0,209.0,214.0,5302700
2025-01-09,213.0,216.0,210.0,214.0,792500
2025-01-10,218.0,233.0,212.0,213.0,1500700
2025-01-14,211.0,220.0,211.0,218.0,254900
2025-01-15,209.0,212.0,208.0,211.0,132500
2025-01-16,211.0,211.0,208.0,209.0,86100
2025-01-17,209.0,210.0,207.0,210.0,59600
2025-01-20,207.0,209.0,207.0,209.0,77700
2025-01-21,209.0,210.0,207.0,208.0,37200
2025-01-22,208.0,209.0,207.0,209.0,32200
2025-01-23,206.0,208.0,206.0,208.0,61400
2025-01-24,207.0,208.0,206.0,207.0,24600
