Price,Close,High,Low,Open,Volume
Ticker,4990.T,4990.T,4990.T,4990.T,4990.T
Date,,,,,
2022-01-04,394.7854309082031,394.7854309082031,387.15672692930065,387.15672692930065,4400
2022-01-05,386.2031555175781,394.7854478624132,386.2031555175781,394.7854478624132,3700
2022-01-06,383.3424072265625,384.2959953042405,383.3424072265625,383.3424072265625,3300
2022-01-07,384.29595947265625,445.3255907536736,382.38878349512447,383.34237148389036,127600
2022-01-11,381.4352111816406,390.01750343322755,379.5280351257324,385.249563293457,28800
2022-01-12,379.52801513671875,382.3887790699101,375.71366322579695,382.3887790699101,13000
2022-01-13,378.574462890625,386.2031674325016,377.62087482289047,379.5280509583596,8100
2022-01-14,382.3887939453125,382.3887939453125,375.713677841529,379.5280299008339,3700
2022-01-17,376.66729736328125,382.3888259308248,376.66729736328125,382.3888259308248,4600
2022-01-18,379.52801513671875,383.34236704764055,376.6672512035274,376.6672512035274,4100
2022-01-19,374.76007080078125,387.15671436416585,372.85289486795284,374.76007080078125,15700
2022-01-20,377.6208801269531,377.6208801269531,374.76011588356715,374.76011588356715,2000
2022-01-21,377.6208801269531,379.5280562892105,373.80652780243844,379.5280562892105,5000
2022-01-24,376.66729736328125,377.62088545787185,372.8529449849189,376.66729736328125,2000
2022-01-25,376.66729736328125,376.66729736328125,376.66729736328125,376.66729736328125,1500
2022-01-26,372.8529052734375,376.6672572455443,371.8993172804108,376.6672572455443,8100
2022-01-27,367.13140869140625,372.85293713854503,367.13140869140625,372.85293713854503,4800
2022-01-28,363.3170471191406,368.08498737004794,363.3170471191406,367.1313993198665,2800
2022-01-31,373.8065185546875,376.6672827272999,372.85293049715006,376.6672827272999,2700
2022-02-01,369.0386047363281,373.80654536599644,364.2706641066598,373.80654536599644,2400
2022-02-02,374.76007080078125,374.76007080078125,369.9921309687102,371.89930690153864,800
2022-02-03,370.94573974609375,370.94573974609375,370.94573974609375,370.94573974609375,600
2022-02-04,367.13140869140625,370.94576098949875,367.13140869140625,370.94576098949875,1900
2022-02-07,365.2242126464844,368.0849767142114,365.2242126464844,365.2242126464844,3200
2022-02-08,365.2242126464844,366.17780066906005,365.2242126464844,365.2242126464844,800
2022-02-09,370.94573974609375,372.85291578591944,366.17779964652954,366.17779964652954,4200
2022-02-10,371.89935302734375,373.80652919671473,370.9457649426583,371.89935302734375,1600
2022-02-14,369.99212646484375,371.89930237445634,366.17777464561857,366.17777464561857,4200
2022-02-15,372.8529052734375,372.8529052734375,371.8993172804108,371.8993172804108,4400
2022-02-16,375.71368408203125,378.57444817402643,375.71368408203125,375.71368408203125,1300
2022-02-17,367.13140869140625,372.85293713854503,367.13140869140625,372.85293713854503,1900
2022-02-18,372.8529052734375,384.29596118975786,369.03855330133075,369.03855330133075,2300
2022-02-21,372.8529052734375,373.8064932664642,369.99214129435745,372.8529052734375,1800
2022-02-22,367.13140869140625,374.7601132875913,367.13140869140625,371.8993490640219,4800
2022-02-24,363.3170471191406,366.17781126968504,362.3634590689591,366.17781126968504,5500
2022-02-25,365.2242126464844,371.8993288045141,365.2242126464844,371.8993288045141,1200
2022-02-28,369.99212646484375,373.80647828406893,369.0385385100374,369.99212646484375,800
2022-03-01,364.2706298828125,377.62086239160664,358.5491016647578,377.62086239160664,15400
2022-03-02,362.36346435546875,369.99216886821546,360.4562882272821,364.2706404836554,5100
2022-03-03,365.2242126464844,369.99215275936274,363.31703660133303,363.31703660133303,4400
2022-03-04,360.4562683105469,365.2242083675647,360.4562683105469,365.2242083675647,1600
2022-03-07,358.5491027832031,366.1778070977394,357.5955147438861,365.22421905842236,8100
2022-03-08,353.7811584472656,357.5955105599046,352.8275704191059,357.5955105599046,6200
2022-03-09,352.82757568359375,355.688339810758,351.87398764120564,353.78116372598186,3200
2022-03-10,362.36346435546875,362.36346435546875,354.73475984272204,355.6883479068154,3300
2022-03-11,357.5955505371094,359.5027268066406,354.7347861328125,358.54913867187497,2200
2022-03-14,362.36346435546875,365.2242285477488,358.5491120990954,359.50270016318876,4900
2022-03-15,364.2706298828125,365.2242179191549,364.2706298828125,365.2242179191549,3700
2022-03-16,364.2706298828125,365.2242179191549,364.2706298828125,365.2242179191549,300
2022-03-17,360.4562683105469,364.27062035616115,359.5026802991433,364.27062035616115,5400
2022-03-18,368.0849914550781,371.89934369813597,361.409875029727,361.409875029727,3300
2022-03-22,361.40985107421875,371.8993190473491,361.40985107421875,369.9921430522345,6600
2022-03-23,366.1778259277344,372.85294254620874,362.3634735743205,362.3634735743205,2300
2022-03-24,365.2242126464844,366.17780066906005,365.2242126464844,365.2242126464844,1100
2022-03-25,369.0386047363281,372.8529572400628,369.0386047363281,372.8529572400628,1200
2022-03-28,369.99212646484375,371.89930237445634,369.0385385100374,369.0385385100374,3400
2022-03-29,372.8529052734375,374.7600812594909,369.03855330133075,369.03855330133075,5500
2022-03-30,366.0913391113281,368.9891597375391,366.0913391113281,368.9891597375391,4000
2022-03-31,363.1934814453125,369.9550622169008,363.1934814453125,365.1253616657663,5300
2022-04-01,365.1253662109375,367.05724645543984,365.1253662109375,367.05724645543984,1600
2022-04-04,366.0913391113281,366.0913391113281,365.1253989025911,365.1253989025911,1100
2022-04-05,366.0913391113281,368.02321952880214,366.0913391113281,367.0572793200651,2600
2022-04-06,367.0572814941406,371.886982566432,366.09134127968235,366.09134127968235,1100
2022-04-07,368.9891662597656,368.9891662597656,367.05728580814383,368.0232260339547,2500
2022-04-08,368.9891662597656,368.9891662597656,368.0232260339547,368.0232260339547,1400
2022-04-11,365.1253662109375,368.9891266999421,365.1253662109375,368.9891266999421,2800
2022-04-12,367.0572814941406,367.0572814941406,366.09134127968235,367.0572814941406,600
2022-04-13,368.0232238769531,368.9891640971026,367.05728365680363,368.0232238769531,1600
2022-04-14,369.955078125,370.9210182767624,368.98913797323763,368.98913797323763,1600
2022-04-15,368.9891662597656,369.95510648557655,368.9891662597656,369.95510648557655,3400
2022-04-18,369.955078125,369.955078125,369.955078125,369.955078125,1400
2022-04-19,369.955078125,369.955078125,369.955078125,369.955078125,0
2022-04-20,369.955078125,369.955078125,369.955078125,369.955078125,100
2022-04-21,367.0572814941406,367.0572814941406,365.1254010652241,365.1254010652241,8600
2022-04-22,367.0572814941406,367.0572814941406,366.09134127968235,366.09134127968235,200
2022-04-25,366.0913391113281,368.9891597375391,366.0913391113281,368.9891597375391,1200
2022-04-26,366.0913391113281,367.0572793200651,366.0913391113281,367.0572793200651,300
2022-04-27,363.1934814453125,367.0572418862201,362.2275413350856,366.0913017759932,2300
2022-04-28,364.1594543457031,364.1594543457031,362.2275739512962,362.2275739512962,1400
2022-05-02,366.0913391113281,367.0572793200651,363.19351848511707,367.0572793200651,2700
2022-05-06,365.1253662109375,365.1253662109375,365.1253662109375,365.1253662109375,100
2022-05-09,365.1253662109375,365.1253662109375,363.1934859664352,363.1934859664352,200
2022-05-10,365.1253662109375,367.05724645543984,364.15942608868636,367.05724645543984,800
2022-05-11,367.0572814941406,367.0572814941406,363.1935206363076,363.1935206363076,2500
2022-05-12,366.0913391113281,366.0913391113281,361.26163806764305,361.26163806764305,1900
2022-05-13,367.0572814941406,367.0572814941406,363.1935206363076,367.0572814941406,1100
2022-05-16,367.0572814941406,369.95510213751544,363.1935206363076,369.95510213751544,5000
2022-05-17,367.0572814941406,367.0572814941406,361.26164020739105,363.1935206363076,3900
2022-05-18,362.2275695800781,364.1594499511719,361.26162939453127,364.1594499511719,1300
2022-05-19,363.1934814453125,364.1594215555394,363.1934814453125,364.1594215555394,200
2022-05-20,365.1253662109375,365.1253662109375,365.1253662109375,365.1253662109375,100
2022-05-23,362.2275695800781,365.12539013671875,362.2275695800781,362.2275695800781,700
2022-05-24,364.1594543457031,364.1594543457031,360.2956935568893,360.2956935568893,3500
2022-05-25,360.2956848144531,366.09132585704486,360.2956848144531,366.09132585704486,1500
2022-05-26,358.3638000488281,360.2956803725415,358.3638000488281,359.3297402106848,7000
2022-05-27,358.3638000488281,359.3297402106848,358.3638000488281,358.3638000488281,1300
2022-05-30,359.32977294921875,359.32977294921875,359.32977294921875,359.32977294921875,300
2022-05-31,361.2616271972656,363.1935075566093,359.32974683792196,359.32974683792196,1300
2022-06-01,360.2956848144531,363.19350533574897,360.2956848144531,363.19350533574897,800
2022-06-02,361.2616271972656,361.2616271972656,360.29568701759376,360.29568701759376,200
2022-06-03,360.2956848144531,362.2275651619837,360.2956848144531,361.2616249882184,700
2022-06-06,359.32977294921875,361.2616534489457,359.32977294921875,360.29571319908223,1700
2022-06-07,360.2956848144531,360.2956848144531,358.36380446692255,358.36380446692255,1700
2022-06-08,360.2956848144531,361.2616249882184,358.36380446692255,360.2956848144531,1600
2022-06-09,362.2275695800781,363.193509765625,358.36380883789064,362.2275695800781,3400
2022-06-10,361.2616271972656,361.2616271972656,358.3638066582501,361.2616271972656,1600
2022-06-13,364.1594543457031,364.1594543457031,360.2956935568893,360.2956935568893,1300
2022-06-14,364.1594543457031,364.1594543457031,363.1935141484997,364.1594543457031,1700
2022-06-15,366.0913391113281,367.0572793200651,363.19351848511707,367.0572793200651,3100
2022-06-16,366.0913391113281,366.0913391113281,366.0913391113281,366.0913391113281,800
2022-06-17,362.2275695800781,364.1594499511719,362.2275695800781,364.1594499511719,1400
2022-06-20,362.2275695800781,362.2275695800781,362.2275695800781,362.2275695800781,1200
2022-06-21,362.2275695800781,365.12539013671875,362.2275695800781,365.12539013671875,1100
2022-06-22,365.1253662109375,365.1253662109375,363.1934859664352,363.1934859664352,600
2022-06-23,362.2275695800781,362.2275695800781,357.39786865234373,360.29568920898436,1700
2022-06-24,359.32977294921875,367.0572949481267,359.32977294921875,367.0572949481267,3600
2022-06-27,360.2956848144531,363.19350533574897,357.3978642931572,363.19350533574897,2900
2022-06-28,360.2956848144531,360.2956848144531,360.2956848144531,360.2956848144531,0
2022-06-29,361.2616271972656,361.2616271972656,359.32974683792196,361.2616271972656,500
2022-06-30,361.2616271972656,362.22756737693743,360.29568701759376,361.2616271972656,700
2022-07-01,360.2956848144531,363.19350533574897,360.2956848144531,363.19350533574897,800
2022-07-04,361.2616271972656,361.2616271972656,359.32974683792196,361.2616271972656,3200
2022-07-05,363.1934814453125,363.1934814453125,363.1934814453125,363.1934814453125,1000
2022-07-06,359.32977294921875,384.44421944566955,359.32977294921875,363.1935339486727,22400
2022-07-07,356.43194580078125,359.3297664983486,356.43194580078125,359.3297664983486,9000
2022-07-08,361.2616271972656,364.1594477362811,356.43192629890643,357.3978664785783,5500
2022-07-11,360.2956848144531,363.19350533574897,357.3978642931572,362.2275651619837,5500
2022-07-12,360.2956848144531,361.2616249882184,357.3978642931572,360.2956848144531,2300
2022-07-13,360.2956848144531,360.2956848144531,358.36380446692255,358.36380446692255,2000
2022-07-14,363.1934814453125,363.1934814453125,359.3297210044049,359.3297210044049,4800
2022-07-15,362.2275695800781,366.0913303222656,362.2275695800781,366.0913303222656,3000
2022-07-19,363.1934814453125,363.1934814453125,363.1934814453125,363.1934814453125,300
2022-07-20,366.0913391113281,366.0913391113281,361.26163806764305,361.26163806764305,2900
2022-07-21,362.2275695800781,365.12539013671875,362.2275695800781,365.12539013671875,1400
2022-07-22,363.1934814453125,365.1253616657663,363.1934814453125,365.1253616657663,1600
2022-07-25,365.1253662109375,367.05724645543984,365.1253662109375,367.05724645543984,3000
2022-07-26,359.32977294921875,366.09135469826316,359.32977294921875,365.1254144483997,7300
2022-07-27,361.2616271972656,361.2616271972656,359.32974683792196,359.32974683792196,900
2022-07-28,362.2275695800781,362.2275695800781,359.3297490234375,362.2275695800781,3400
2022-07-29,359.32977294921875,361.2616534489457,359.32977294921875,359.32977294921875,1700
2022-08-01,360.2956848144531,362.2275651619837,359.3297446406878,362.2275651619837,2600
2022-08-02,360.2956848144531,361.2616249882184,359.3297446406878,361.2616249882184,1800
2022-08-03,362.2275695800781,370.92103125,362.2275695800781,364.1594499511719,4900
2022-08-04,363.1934814453125,367.0572418862201,363.1934814453125,366.0913017759932,2500
2022-08-05,363.1934814453125,363.1934814453125,362.2275413350856,362.2275413350856,1300
2022-08-08,364.1594543457031,365.1253945429066,362.2275739512962,363.1935141484997,4000
2022-08-09,366.0913391113281,366.0913391113281,363.19351848511707,364.1594586938541,2600
2022-08-10,363.1934814453125,368.9891221066739,360.2956611146318,366.0913017759932,5100
2022-08-12,360.2956848144531,382.51230881105477,360.2956848144531,364.1594455095143,55700
2022-08-15,364.1594543457031,368.02321513451693,362.2275739512962,368.02321513451693,13100
2022-08-16,365.1253662109375,367.05724645543984,362.227545844184,364.15942608868636,4500
2022-08-17,365.1253662109375,366.0913063331887,365.1253662109375,366.0913063331887,600
2022-08-18,364.1594543457031,365.1253945429066,364.1594543457031,364.1594543457031,700
2022-08-19,366.0913391113281,368.02321952880214,365.1253989025911,367.0572793200651,5600
2022-08-22,365.1253662109375,367.05724645543984,365.1253662109375,365.1253662109375,1400
2022-08-23,365.1253662109375,365.1253662109375,365.1253662109375,365.1253662109375,1300
2022-08-24,365.1253662109375,365.1253662109375,363.1934859664352,363.1934859664352,4400
2022-08-25,364.1594543457031,365.1253945429066,363.1935141484997,365.1253945429066,3000
2022-08-26,365.1253662109375,367.05724645543984,365.1253662109375,367.05724645543984,400
2022-08-29,365.1253662109375,365.1253662109375,363.1934859664352,365.1253662109375,1000
2022-08-30,364.1594543457031,364.1594543457031,364.1594543457031,364.1594543457031,200
2022-08-31,367.0572814941406,367.0572814941406,367.0572814941406,367.0572814941406,200
2022-09-01,367.0572814941406,371.886982566432,367.0572814941406,368.0232217085989,4000
2022-09-02,368.0232238769531,370.92104453740154,368.0232238769531,369.95510431725205,4000
2022-09-05,367.0572814941406,373.81886299534847,365.1254010652241,369.95510213751544,5500
2022-09-06,368.0232238769531,373.81886519785,367.05728365680363,367.05728365680363,3500
2022-09-07,365.1253662109375,369.9550668221933,364.15942608868636,369.9550668221933,7800
2022-09-08,366.0913391113281,367.0572793200651,364.1594586938541,364.1594586938541,3100
2022-09-09,366.0913391113281,368.02321952880214,365.1253989025911,366.0913391113281,5300
2022-09-12,367.0572814941406,367.0572814941406,365.1254010652241,367.0572814941406,3800
2022-09-13,367.0572814941406,368.0232217085989,367.0572814941406,368.0232217085989,500
2022-09-14,369.955078125,369.955078125,366.0913175179504,367.0572576697128,5100
2022-09-15,368.0232238769531,372.8529249777005,368.0232238769531,372.8529249777005,3300
2022-09-16,371.8869934082031,379.6145153491528,369.95511292296567,369.95511292296567,9300
2022-09-20,377.6826171875,389.2738995564259,370.9210358056266,379.614497582321,8600
2022-09-21,382.5122985839844,383.47823873192374,372.8528971045908,383.47823873192374,3800
2022-09-22,379.6144714355469,386.3760523517017,371.88695038851284,386.3760523517017,4300
2022-09-26,372.8529052734375,383.4782471335614,372.8529052734375,374.78478561164184,5200
2022-09-27,376.7167053222656,380.580466402494,371.88700397198016,380.580466402494,4200
2022-09-28,370.9210205078125,374.7847811381022,368.9891401926676,374.7847811381022,7400
2022-09-29,361.2616271972656,368.0232084549684,357.3978664785783,359.32974683792196,10900
2022-09-30,361.2616271972656,361.2616271972656,361.2616271972656,361.2616271972656,200
2022-10-03,367.0572814941406,367.0572814941406,366.09134127968235,367.0572814941406,1500
2022-10-04,364.1594543457031,367.0572749373135,362.2275739512962,367.0572749373135,2100
2022-10-05,363.1934814453125,366.0913017759932,363.1934814453125,364.1594215555394,2100
2022-10-06,359.32977294921875,364.1594741985362,357.39789244949174,362.22759369880924,11100
2022-10-07,360.2956848144531,360.2956848144531,358.36380446692255,359.3297446406878,3200
2022-10-11,359.32977294921875,361.2616534489457,357.39789244949174,358.36383269935527,4100
2022-10-12,356.43194580078125,358.36382626582616,355.4660055682588,358.36382626582616,4300
2022-10-13,355.4659729003906,356.4319130441417,351.6022123253864,355.4659729003906,6100
2022-10-14,358.3638000488281,359.3297402106848,352.56815907768805,359.3297402106848,4000
2022-10-17,357.39788818359375,360.2957088985959,357.39788818359375,360.2957088985959,3000
2022-10-18,359.32977294921875,359.32977294921875,359.32977294921875,359.32977294921875,800
2022-10-19,360.2956848144531,360.2956848144531,360.2956848144531,360.2956848144531,200
2022-10-20,361.2616271972656,363.1935075566093,361.2616271972656,362.22756737693743,1700
2022-10-21,358.3638000488281,358.3638000488281,358.3638000488281,358.3638000488281,1200
2022-10-24,360.2956848144531,360.2956848144531,356.43192411939197,357.3978642931572,4900
2022-10-25,358.3638000488281,358.3638000488281,356.43191972511477,356.43191972511477,4300
2022-10-26,359.32977294921875,360.29571319908223,358.36383269935527,358.36383269935527,2700
2022-10-27,359.32977294921875,362.22759369880924,358.36383269935527,362.22759369880924,2200
2022-10-28,358.3638000488281,359.3297402106848,358.3638000488281,359.3297402106848,1000
2022-10-31,361.2616271972656,362.22756737693743,360.29568701759376,362.22756737693743,1200
2022-11-01,361.2616271972656,362.22756737693743,359.32974683792196,362.22756737693743,2800
2022-11-02,358.3638000488281,358.3638000488281,358.3638000488281,358.3638000488281,400
2022-11-04,357.39788818359375,358.3638284219278,357.39788818359375,358.3638284219278,1200
2022-11-07,360.2956848144531,361.2616249882184,357.3978642931572,361.2616249882184,2800
2022-11-08,360.2956848144531,362.2275651619837,357.3978642931572,357.3978642931572,2600
2022-11-09,361.2616271972656,361.2616271972656,357.3978664785783,361.2616271972656,3200
2022-11-10,358.3638000488281,361.26162053439816,357.39785988697145,361.26162053439816,3400
2022-11-11,358.3638000488281,386.3760647426719,357.39785988697145,360.2956803725415,33300
2022-11-14,369.955078125,369.955078125,359.3297364556136,361.2616167591384,5400
2022-11-15,368.9891662597656,374.78480761463106,363.1935249049002,374.78480761463106,6500
2022-11-16,364.1594543457031,368.98915533172044,362.2275739512962,368.98915533172044,800
2022-11-17,364.1594543457031,364.1594543457031,362.2275739512962,363.1935141484997,1800
2022-11-18,366.0913391113281,366.0913391113281,364.1594586938541,364.1594586938541,200
2022-11-21,366.0913391113281,368.9891597375391,366.0913391113281,368.9891597375391,2300
2022-11-22,368.9891662597656,368.9891662597656,366.0913455823329,366.0913455823329,800
2022-11-24,371.8869934082031,372.8529336508218,368.02323243772827,368.989172680347,4100
2022-11-25,371.8869934082031,371.8869934082031,368.02323243772827,368.02323243772827,3900
2022-11-28,373.81884765625,373.81884765625,370.9210271317829,373.81884765625,1100
2022-11-29,368.9891662597656,368.9891662597656,368.0232260339547,368.0232260339547,1300
2022-11-30,373.81884765625,373.81884765625,370.9210271317829,372.8529074814276,600
2022-12-01,371.8869934082031,374.78481413605925,368.989172680347,374.78481413605925,4100
2022-12-02,368.9891662597656,368.9891662597656,368.9891662597656,368.9891662597656,900
2022-12-05,368.9891662597656,368.9891662597656,368.9891662597656,368.9891662597656,400
2022-12-06,368.0232238769531,371.88698475755103,368.0232238769531,370.92104453740154,1700
2022-12-07,370.9210205078125,370.9210205078125,367.05725987752277,367.05725987752277,1100
2022-12-08,368.9891662597656,369.95510648557655,367.05728580814383,368.0232260339547,3900
2022-12-09,368.0232238769531,371.88698475755103,366.09134343665414,369.95510431725205,4500
2022-12-12,367.0572814941406,368.98916192305717,366.09134127968235,366.09134127968235,4700
2022-12-13,382.5122985839844,396.03546065513535,368.9891365128334,368.9891365128334,21400
2022-12-14,386.3760986328125,391.20579986572267,384.44421813964846,384.44421813964846,2900
2022-12-15,379.6144714355469,387.3419924825809,379.6144714355469,386.3760523517017,6700
2022-12-16,393.1376647949219,400.86518646165257,379.61450187814324,387.3420235448739,8400
2022-12-19,393.1376647949219,402.7970668783352,388.30796375321523,402.7970668783352,6200
2022-12-20,388.3079833984375,394.1036249416978,388.3079833984375,389.27392365564754,5300
2022-12-21,390.2398376464844,390.2398376464844,385.41013668551307,388.30795726209584,5000
2022-12-22,390.2398376464844,390.2398376464844,385.41013668551307,390.2398376464844,2100
2022-12-23,385.41015625,392.1717379385965,385.41015625,392.1717379385965,1800
2022-12-26,383.4782409667969,385.41012127393435,383.4782409667969,383.4782409667969,2100
2022-12-27,385.41015625,386.37609649122805,382.5123355263158,385.41015625,6400
2022-12-28,397.0014343261719,399.89925501468406,383.4782711131149,385.410151572123,8700
2022-12-29,389.2738952636719,397.00141675773983,389.2738952636719,397.00141675773983,200
2022-12-30,397.0014343261719,397.0014343261719,389.2739124901393,389.2739124901393,400
2023-01-04,394.10357666015625,402.79703791001265,394.10357666015625,397.00139707677505,3600
2023-01-05,392.1717224121094,395.06954302106584,391.2057822091239,395.06954302106584,2000
2023-01-06,386.3760986328125,387.3420388793945,386.3760986328125,387.3420388793945,4700
2023-01-10,392.1717224121094,399.8992440359933,388.3079616001674,399.8992440359933,1400
2023-01-11,397.0014343261719,398.93331478518,397.0014343261719,397.9673745556759,1800
2023-01-12,391.20574951171875,394.10356987847223,390.2398093894676,394.10356987847223,1600
2023-01-13,399.89923095703125,399.89923095703125,391.20576941448707,391.20576941448707,2400
2023-01-16,391.20574951171875,398.93327048972805,391.20574951171875,398.93327048972805,3100
2023-01-17,397.9673767089844,397.9673767089844,393.13767553533165,397.0014364742538,500
2023-01-18,397.0014343261719,397.0014343261719,397.0014343261719,397.0014343261719,200
2023-01-19,398.93328857421875,398.93328857421875,398.93328857421875,398.93328857421875,900
2023-01-20,398.93328857421875,398.93328857421875,398.93328857421875,398.93328857421875,0
2023-01-23,388.3079833984375,398.93332622774795,387.34204314122746,398.93332622774795,2800
2023-01-24,389.2738952636719,394.10359619746436,377.68261302256997,394.10359619746436,5000
2023-01-25,396.03546142578125,396.03546142578125,387.34200007741043,395.0695212759623,3400
2023-01-26,387.3420104980469,396.0354720802973,383.4782497948245,396.0354720802973,1500
2023-01-27,388.3079833984375,394.1036249416978,386.3761028840174,387.34204314122746,3100
2023-01-30,390.2398376464844,391.20577783867867,388.30795726209584,390.2398376464844,2700
2023-01-31,383.4782409667969,388.3079417346407,382.5123008132281,388.3079417346407,2400
2023-02-01,387.3420104980469,394.1035917286861,383.4782497948245,386.3760703222413,5600
2023-02-02,394.10357666015625,396.0354569379021,386.3760555491728,386.3760555491728,5400
2023-02-03,391.20574951171875,396.03545012297457,390.2398093894676,390.2398093894676,2100
2023-02-06,392.1717224121094,397.00142342703685,387.34202139718195,397.00142342703685,3800
2023-02-07,393.1376647949219,395.0695452116046,386.3760833365326,395.0695452116046,1600
2023-02-08,395.0695495605469,395.0695495605469,391.2057886846491,392.17172890362355,2500
2023-02-09,393.1376647949219,396.03548541994587,391.20578437823923,396.03548541994587,3500
2023-02-10,384.4441833496094,404.7289266921767,383.47824319043946,395.06952510047796,34500
2023-02-13,390.2398376464844,393.1376582230672,385.41013668551307,389.27389745429014,15100
2023-02-14,397.9673767089844,397.9673767089844,391.2057950658706,395.06955600479273,8900
2023-02-15,398.93328857421875,401.8311090723366,397.9673484081795,397.9673484081795,10100
2023-02-16,397.0014343261719,397.9673745556759,396.0354940966678,397.9673745556759,2800
2023-02-17,396.03546142578125,396.03546142578125,396.03546142578125,396.03546142578125,1300
2023-02-20,398.93328857421875,398.93328857421875,398.93328857421875,398.93328857421875,1000
2023-02-21,399.89923095703125,399.89923095703125,397.0014104428499,397.0014104428499,2300
2023-02-22,398.93328857421875,398.93328857421875,396.0354680761009,396.0354680761009,2300
2023-02-24,398.93328857421875,401.8311090723366,397.9673484081795,401.8311090723366,3300
2023-02-27,397.0014343261719,402.79707570319624,397.0014343261719,402.79707570319624,2500
2023-02-28,402.79705810546875,402.79705810546875,396.03547679434575,399.8992375435589,3000
2023-03-01,403.7629699707031,405.6948502097974,398.93326937296746,402.79702985115597,6200
2023-03-02,411.4905090332031,416.320209843452,405.6948680609045,407.626748385004,10900
2023-03-03,418.2521057128906,420.18398610879314,412.4564645251831,417.28616551493934,14400
2023-03-06,413.4223937988281,415.35427414368246,410.5245732815466,410.5245732815466,7000
2023-03-07,405.69488525390625,411.49052647181924,401.8311244419643,411.49052647181924,7800
2023-03-08,407.62677001953125,409.5586504461641,397.967367886367,405.6948895928984,6300
2023-03-09,413.4223937988281,419.21803483339113,408.5926929366923,414.3883339712553,13400
2023-03-10,417.2861633300781,417.2861633300781,403.76300062956636,415.35428294429073,10100
2023-03-13,406.66082763671875,411.4905286775349,406.66082763671875,410.5245884693717,1900
2023-03-14,407.62677001953125,412.45647108611337,397.967367886367,404.728949379582,8000
2023-03-15,431.7752380371094,431.7752380371094,409.5586150508599,419.21801634922923,18100
2023-03-16,439.5027770996094,470.4128625219995,425.013674557864,431.7752557440119,50600
2023-03-17,433.7071533203125,453.0259574771193,430.8093326967915,431.77527290463183,15600
2023-03-20,425.0137023925781,449.16220821033824,415.3543000654741,449.16220821033824,12500
2023-03-22,436.6049499511719,452.0599924273195,425.01366809406113,448.1962318082826,9200
2023-03-23,439.5027770996094,439.5027770996094,434.67307625236094,436.6049565912603,3700
2023-03-24,441.4346618652344,451.0940636565962,434.67308061128114,451.0940636565962,6700
2023-03-27,449.16217041015625,451.0940507129956,439.5027688959593,441.4346491987987,7100
2023-03-28,434.673095703125,449.1621988932292,434.673095703125,449.1621988932292,5300
2023-03-29,439.5027770996094,442.40059760795845,434.67307625236094,434.67307625236094,5100
2023-03-30,448.2928466796875,448.2928466796875,408.2492590677764,408.2492590677764,15000
2023-03-31,441.45611572265625,453.17618959139935,434.6194059658895,448.2928254794231,5100
2023-04-03,450.2461853027344,457.08289527479326,444.3861481838268,457.08289527479326,4000
2023-04-04,447.316162109375,447.316162109375,445.36281642330783,445.36281642330783,600
2023-04-05,446.3394775390625,448.2928231738067,439.5027678174576,441.45611345220186,1700
2023-04-06,445.3628234863281,460.0129163641679,441.45613205223754,441.45613205223754,4200
2023-04-07,444.3861389160156,446.3394845815805,440.4794475848858,445.36281174879804,2400
2023-04-10,449.2695007324219,456.1062105261761,444.38613659402597,444.38613659402597,2000
2023-04-11,445.3628234863281,448.29284206189607,444.3861506278055,447.3161692033734,2100
2023-04-12,447.316162109375,448.29283495240855,444.3861435802743,448.29283495240855,1100
2023-04-13,444.3861389160156,449.26950307992786,444.3861389160156,449.26950307992786,2000
2023-04-14,447.316162109375,448.29283495240855,442.4327978942071,448.29283495240855,3300
2023-04-17,468.802978515625,471.73299713134764,456.1062311808268,457.08290405273436,31900
2023-04-18,468.802978515625,484.4297444661458,466.84963277180987,471.73299713134764,15400
2023-04-19,466.8496398925781,468.8029856661872,458.05958391133714,468.8029856661872,4600
2023-04-20,460.9895935058594,469.7796493142338,460.9895935058594,468.80297644663665,5400
2023-04-21,455.1295471191406,460.9895842065115,454.1528742712455,460.9895842065115,5300
2023-04-24,460.9895935058594,468.80297644663665,450.2461919622906,450.2461919622906,6300
2023-04-25,461.9662780761719,462.9429509685105,457.08291361447874,462.9429509685105,3500
2023-04-26,459.0362548828125,462.94294641373006,455.12956335189494,459.0362548828125,8000
2023-04-27,455.1295471191406,455.1295471191406,451.22285572756,451.22285572756,1900
2023-04-28,457.0828857421875,460.98957707331726,453.1761944110577,460.98957707331726,1600
2023-05-01,463.91961669921875,463.91961669921875,456.10623368112664,463.91961669921875,4300
2023-05-02,465.8729553222656,465.8729553222656,462.94293673533315,465.8729553222656,1000
2023-05-08,470.7563171386719,473.68633571007445,460.98958856733014,460.98958856733014,9500
2023-05-09,465.8729553222656,477.5930296699956,459.0362452860898,467.8263010468873,13100
2023-05-10,478.5697021484375,478.5697021484375,461.9662635024713,461.9662635024713,4700
2023-05-11,468.802978515625,478.5697072347005,459.03624979654944,478.5697072347005,14700
2023-05-12,477.593017578125,477.593017578125,461.9662521767957,464.89627068954496,7900
2023-05-15,430.7127380371094,484.4297461823271,412.15595340512505,466.8496344257104,69200
2023-05-16,408.2492370605469,424.85267493143033,405.3192186127439,422.8993292995617,27800
2023-05-17,418.99267578125,418.99267578125,408.249273838141,408.249273838141,7300
2023-05-18,413.1325988769531,419.96930855103983,412.1559260663693,418.99263574045597,5200
2023-05-19,411.17926025390625,415.08595156273196,410.20258742669984,415.08595156273196,3600
2023-05-22,414.1092834472656,426.8060303454129,414.1092834472656,426.8060303454129,3800
2023-05-23,420.9460144042969,420.9460144042969,414.10930419355424,414.10930419355424,1600
2023-05-24,418.0159912109375,418.0159912109375,414.1092997042932,414.1092997042932,400
2023-05-25,415.0859680175781,415.0859680175781,413.1326222857307,414.1092951516544,4600
2023-05-26,421.92266845703125,424.85268698798285,418.99264992607965,418.99264992607965,1900
2023-05-29,412.15594482421875,421.9226733745557,410.2025991141514,421.9226733745557,4400
2023-05-30,420.9460144042969,429.7360703895374,412.15595841905633,412.15595841905633,2500
2023-05-31,420.9460144042969,420.9460144042969,419.9693415170479,420.9460144042969,1200
2023-06-01,423.87603759765625,429.73607498379897,423.87603759765625,423.87603759765625,3600
2023-06-02,418.99267578125,418.99267578125,414.109311261655,416.062657069493,6100
2023-06-05,417.0393371582031,431.68943096938125,417.0393371582031,431.68943096938125,1900
2023-06-06,420.9460144042969,430.71274327678634,420.9460144042969,430.71274327678634,2400
2023-06-07,418.99267578125,421.922694493007,418.99267578125,420.946021589088,700
2023-06-08,420.9460144042969,425.8293788405416,419.9693415170479,419.9693415170479,700
2023-06-09,422.89935302734375,424.85269876880955,422.89935302734375,423.87602589807665,1400
2023-06-12,421.92266845703125,421.92266845703125,421.92266845703125,421.92266845703125,300
2023-06-13,419.9693298339844,427.78271271461665,419.9693298339844,427.78271271461665,7300
2023-06-14,418.0159912109375,419.96933696425964,415.0859725809543,419.96933696425964,1800
2023-06-15,418.0159912109375,418.0159912109375,417.03931833427646,418.0159912109375,3900
2023-06-16,414.1092834472656,422.89933899213685,414.1092834472656,422.89933899213685,2500
2023-06-19,415.0859680175781,415.0859680175781,412.15594941980703,412.15594941980703,2800
2023-06-20,412.15594482421875,416.06263624435354,412.15594482421875,416.06263624435354,1400
2023-06-21,415.0859680175781,415.0859680175781,411.1792765538833,412.15594941980703,3600
2023-06-22,417.0393371582031,417.0393371582031,410.20262671298667,411.1792996337319,2900
2023-06-23,415.0859680175781,419.9693323471967,411.1792765538833,419.9693323471967,4800
2023-06-26,415.0859680175781,415.0859680175781,412.15594941980703,413.1326222857307,2500
2023-06-27,413.1325988769531,414.10927168753693,412.1559260663693,414.10927168753693,1000
2023-06-28,414.1092834472656,414.1092834472656,412.1559377706276,413.1326106089466,2000
2023-06-29,413.1325988769531,415.08594449812074,412.1559260663693,415.08594449812074,1800
2023-06-30,415.0859680175781,415.0859680175781,413.1326222857307,414.1092951516544,2000
2023-07-03,418.0159912109375,418.0159912109375,416.06264545761536,416.06264545761536,2000
2023-07-04,422.89935302734375,424.85269876880955,419.9693344151451,419.9693344151451,2800
2023-07-05,426.8060302734375,429.7360487879005,424.85268459712887,429.7360487879005,3400
2023-07-06,426.8060302734375,426.8060302734375,426.8060302734375,426.8060302734375,1500
2023-07-07,430.7127380371094,430.7127380371094,425.8293736602714,426.806046535639,4900
2023-07-10,430.7127380371094,430.7127380371094,428.7593922863742,430.7127380371094,500
2023-07-11,428.7593994140625,432.66609098047763,424.85270784764737,431.6894180888739,2400
2023-07-12,433.64276123046875,438.5261256587398,425.82937814523507,428.75939680219767,2300
2023-07-13,425.8293762207031,433.64275927062425,425.8293762207031,433.64275927062425,600
2023-07-14,431.68939208984375,431.68939208984375,431.68939208984375,431.68939208984375,500
2023-07-18,429.7360534667969,432.6660720131614,429.7360534667969,432.6660720131614,5700
2023-07-19,425.8293762207031,428.75939486442354,425.8293762207031,426.80604910194324,800
2023-07-20,420.9460144042969,424.8527059532926,414.10930419355424,424.8527059532926,3700
2023-07-21,431.68939208984375,431.68939208984375,424.8526822603666,425.829355093149,3800
2023-07-24,429.7360534667969,431.68939916437324,416.0626335837624,431.68939916437324,6700
2023-07-25,434.6194152832031,440.4794523432014,434.6194152832031,440.4794523432014,3100
2023-07-26,435.5960998535156,435.5960998535156,430.71273550538206,430.71273550538206,200
2023-07-27,428.7593994140625,435.596109655289,427.7827265224587,435.596109655289,2300
2023-07-28,427.78271484375,430.7127334385702,425.82936911386986,425.82936911386986,700
2023-07-31,434.6194152832031,435.5960881265362,428.75937822320486,428.75937822320486,3300
2023-08-01,438.526123046875,442.43281456622356,437.5494501670379,442.43281456622356,3600
2023-08-02,438.526123046875,438.526123046875,438.526123046875,438.526123046875,100
2023-08-03,432.66607666015625,436.57276809726824,432.66607666015625,436.57276809726824,2500
2023-08-04,444.3861389160156,444.3861389160156,440.4794475848858,441.4561204176683,1100
2023-08-07,436.57275390625,437.54942673378076,434.6194082511885,434.6194082511885,1400
2023-08-08,447.316162109375,447.316162109375,437.5494336790393,437.5494336790393,14800
2023-08-09,450.2461853027344,450.2461853027344,441.456129624373,447.3161667432806,4900
2023-08-10,454.1528625488281,466.8496092437416,450.24617125808555,458.05955383957075,10400
2023-08-14,463.91961669921875,468.8029810855263,457.0829065583882,463.91961669921875,10600
2023-08-15,461.9662780761719,465.8729696455264,458.05958650681737,465.8729696455264,10900
2023-08-16,450.2461853027344,461.9662595405496,450.2461853027344,461.9662595405496,4400
2023-08-17,437.5494384765625,446.3394941602435,436.5727656228202,442.43280274527416,5700
2023-08-18,439.5027770996094,439.5027770996094,438.52610426161027,439.5027770996094,2800
2023-08-21,437.5494384765625,445.36282130650113,437.5494384765625,443.4094755990165,1200
2023-08-22,440.4794616699219,440.4794616699219,438.5261159418956,439.5027888059088,1300
2023-08-23,458.0595703125,460.01291602811835,437.5494402985075,437.5494402985075,7000
2023-08-24,458.0595703125,459.03624317030915,458.0595703125,459.03624317030915,600
2023-08-25,448.2928466796875,458.05957536551944,446.3395009425211,458.05957536551944,2400
2023-08-28,442.43280029296875,448.29283738294185,442.43280029296875,448.29283738294185,400
2023-08-29,445.3628234863281,446.3394963448508,445.3628234863281,445.3628234863281,400
2023-08-30,450.2461853027344,460.9895866873983,449.2695124495831,460.9895866873983,3000
2023-08-31,454.1528625488281,459.0362266622564,453.17618972614247,456.10620819419944,2900
2023-09-01,450.2461853027344,459.0362409810958,449.2695124495831,452.1995310090369,3800
2023-09-04,453.17620849609375,458.0595728117844,450.2461899066793,450.2461899066793,7400
2023-09-05,459.0362548828125,460.0129277655419,454.1528904691656,457.0829091173537,12700
2023-09-06,459.0362548828125,460.0129277655419,459.0362548828125,459.0362548828125,900
2023-09-07,450.2461853027344,460.9895866873983,450.2461853027344,454.15287671533946,8100
2023-09-08,457.0828857421875,457.0828857421875,451.22284874549274,452.1995215782752,2200
2023-09-11,460.012939453125,460.012939453125,452.19955619277465,458.0595936380374,1900
2023-09-12,458.0595703125,459.03624317030915,455.1295517390725,455.1295517390725,800
2023-09-13,456.106201171875,458.0595467871721,456.106201171875,458.0595467871721,300
2023-09-14,463.91961669921875,463.91961669921875,452.1995421720806,460.0129251901727,8700
2023-09-15,457.0828857421875,463.9195955716646,456.10621290940503,463.9195955716646,8200
2023-09-19,463.91961669921875,463.91961669921875,455.12956080386516,456.10623368112664,4200
2023-09-20,460.9895935058594,465.87295784384514,456.10622916787355,465.87295784384514,1800
2023-09-21,459.0362548828125,459.0362548828125,452.1995447037068,455.12956335189494,5700
2023-09-22,458.0595703125,458.0595703125,453.17620602345414,458.0595703125,2600
2023-09-25,461.9662780761719,462.9429509685105,455.1295678298015,455.1295678298015,3900
2023-09-26,463.91961669921875,464.8962895764803,459.0362523129112,459.0362523129112,3500
2023-09-27,460.012939453125,466.8496498059315,459.0362665455812,461.9662852682126,5800
2023-09-28,453.17620849609375,453.17620849609375,433.64275123333107,439.5027884121599,6500
2023-09-29,451.22283935546875,451.22283935546875,442.4327840433492,450.246166543011,600
2023-10-02,450.2461853027344,451.22285815588566,442.4328024775242,451.22285815588566,2200
2023-10-03,440.4794616699219,449.2695174460401,440.4794616699219,444.38615312597443,800
2023-10-04,431.68939208984375,437.54942908653845,429.7360464242788,434.6194105881911,8200
2023-10-05,432.66607666015625,434.6194223787123,429.73605808232224,429.73605808232224,300
2023-10-06,424.8526916503906,432.66607448534035,424.8526916503906,430.7127287766029,6000
2023-10-10,425.8293762207031,429.73606774566366,418.9926660520221,422.89935757698265,3800
2023-10-11,421.92266845703125,424.85268698798285,419.9693227697302,423.8760141443323,4000
2023-10-12,423.87603759765625,433.64276657456077,423.87603759765625,433.64276657456077,1400
2023-10-13,426.8060302734375,427.78270311159184,420.9459932445116,424.85268459712887,2900
2023-10-16,422.89935302734375,426.80604451027534,420.94600728587795,426.80604451027534,5200
2023-10-17,427.78271484375,427.78271484375,426.8060419788099,426.8060419788099,300
2023-10-18,423.87603759765625,430.7127478814894,421.9226918022753,421.9226918022753,3200
2023-10-19,427.78271484375,427.78271484375,420.9460047891695,420.9460047891695,1200
2023-10-20,424.8526916503906,429.7360559222342,424.8526916503906,427.7827102134968,2200
2023-10-23,422.89935302734375,425.82937163954244,417.0393158029464,425.82937163954244,6400
2023-10-24,421.92266845703125,422.8993413006818,418.0159770824291,422.8993413006818,1900
2023-10-25,420.9460144042969,424.8527059532926,420.9460144042969,423.8760330660437,2100
2023-10-26,426.8060302734375,426.8060302734375,420.9459932445116,424.85268459712887,2900
2023-10-27,422.89935302734375,423.87602589807665,420.94600728587795,420.94600728587795,2200
2023-10-30,422.89935302734375,422.89935302734375,422.89935302734375,422.89935302734375,0
2023-10-31,416.0626525878906,416.0626525878906,413.1326339076942,415.0859796944918,5400
2023-11-01,421.92266845703125,421.92266845703125,413.13261286417645,420.9459956133807,7100
2023-11-02,425.8293762207031,425.8293762207031,418.01599317078194,424.85270333946295,1200
2023-11-06,420.9460144042969,424.8527059532926,420.9460144042969,424.8527059532926,500
2023-11-07,418.99267578125,425.82938610868297,418.99267578125,418.99267578125,900
2023-11-08,423.87603759765625,423.87603759765625,416.0626544161326,418.99267310920396,3800
2023-11-09,419.9693298339844,419.9693298339844,418.99265697390535,418.99265697390535,1200
2023-11-10,425.8293762207031,425.8293762207031,419.96933893326224,422.89935757698265,1000
2023-11-13,420.9460144042969,432.66608905128425,418.99266862979897,425.8293788405416,12500
2023-11-14,432.66607666015625,436.57276809726824,419.9693294895422,420.9460023488202,5300
2023-11-15,417.0393371582031,422.89937468267436,415.0859913167127,422.89937468267436,7900
2023-11-16,419.9693298339844,422.8993484142215,419.9693298339844,422.8993484142215,700
2023-11-17,425.8293762207031,427.78272198318336,414.10930164582135,419.96933893326224,5600
2023-11-20,424.8526916503906,429.7360559222342,421.92267308728447,421.92267308728447,3000
2023-11-21,426.8060302734375,426.8060302734375,421.9226660826659,424.85268459712887,2100
2023-11-22,432.66607666015625,432.66607666015625,422.8993480673762,426.80603950448824,4900
2023-11-24,439.5027770996094,447.31615980360243,432.6660672336155,438.52610426161027,4900
2023-11-27,436.57275390625,442.4327908714346,429.7360441135347,442.4327908714346,1700
2023-11-28,434.6194152832031,444.3861437165335,432.66606959653706,432.66606959653706,1800
2023-11-29,444.3861389160156,444.3861389160156,434.6194105881911,442.4327932504507,2500
2023-11-30,442.43280029296875,442.43280029296875,440.4794545963111,440.4794545963111,400
2023-12-01,436.57275390625,445.36280935402687,434.6194082511885,445.36280935402687,3000
2023-12-04,441.45611572265625,444.38613418984204,436.57275161068,436.57275161068,1200
2023-12-05,439.5027770996094,446.3394869656033,433.6427400716146,446.3394869656033,3500
2023-12-06,434.6194152832031,435.5960881265362,429.7360510665379,433.64274243987006,3400
2023-12-07,441.45611572265625,441.45611572265625,436.57275161068,437.5494244330752,1100
2023-12-08,440.4794616699219,440.4794616699219,431.6894058938037,433.64275162183,4900
2023-12-11,430.7127380371094,439.5027939154177,430.7127380371094,438.52612104005016,2900
2023-12-12,434.6194152832031,435.5960881265362,434.6194152832031,435.5960881265362,300
2023-12-13,438.526123046875,438.526123046875,432.66608576785217,438.526123046875,3800
2023-12-14,430.7127380371094,439.5027939154177,430.7127380371094,438.52612104005016,3900
2023-12-15,433.64276123046875,433.64276123046875,431.68941545916033,431.68941545916033,3100
2023-12-18,438.526123046875,438.526123046875,434.61943152752644,435.5961044073636,400
2023-12-19,434.6194152832031,437.54943381320226,434.6194152832031,437.54943381320226,2000
2023-12-20,435.5960998535156,435.5960998535156,433.6427541142622,434.6194269838889,800
2023-12-21,429.7360534667969,435.5960905595259,425.8293620716442,435.5960905595259,5200
2023-12-22,428.7593994140625,428.7593994140625,428.7593994140625,428.7593994140625,100
2023-12-25,425.8293762207031,432.66608638938413,415.0859745270615,432.66608638938413,5500
2023-12-26,415.0859680175781,424.8526966768153,414.1092951516544,424.8526966768153,7900
2023-12-27,419.9693298339844,421.9226755541424,415.0859655335892,420.9460026940634,6300
2023-12-28,433.64276123046875,437.5494527730856,421.9226866026182,423.87603237392665,1600
2023-12-29,428.7593994140625,428.7593994140625,423.87603495604355,425.8293807392511,1100
2024-01-04,426.8060302734375,429.7360487879005,419.96932040635727,423.8760117589746,5900
2024-01-05,433.64276123046875,435.59610700177717,427.7827239165435,429.7360696878519,3700
2024-01-09,438.526123046875,438.526123046875,434.61943152752644,434.61943152752644,1900
2024-01-10,438.526123046875,442.43281456622356,438.526123046875,439.50279592671217,6800
2024-01-11,441.45611572265625,443.4094613674468,439.50277007786576,443.4094613674468,900
2024-01-12,446.3394775390625,448.2928231738067,441.45611345220186,443.4094590869461,8300
2024-01-15,449.2695007324219,449.2695007324219,446.33948224938433,448.2928279047427,3700
2024-01-16,455.1295471191406,456.10621996703577,446.33949148808426,448.29283718387455,7700
2024-01-17,453.17620849609375,457.0828999486463,450.2461899066793,455.12955422237,1700
2024-01-18,457.0828857421875,457.0828857421875,451.22284874549274,457.0828857421875,2100
2024-01-19,453.17620849609375,460.01291853806066,453.17620849609375,454.15288135923186,700
2024-01-22,452.19952392578125,460.0129066286025,449.2695054122232,453.17619676363387,6700
2024-01-23,453.17620849609375,453.17620849609375,451.2228627698175,452.1995356329556,2700
2024-01-24,455.1295471191406,455.1295471191406,451.22285572756,451.22285572756,1500
2024-01-25,453.17620849609375,455.12955422237,450.2461899066793,455.12955422237,2200
2024-01-26,454.1528625488281,454.1528625488281,452.1995169034568,453.17618972614247,900
2024-01-29,451.22283935546875,454.1528577928419,451.22283935546875,454.1528577928419,2000
2024-01-30,457.0828857421875,458.0595585749699,450.2461759127103,450.2461759127103,3800
2024-01-31,457.0828857421875,458.0595585749699,454.15286724384015,458.0595585749699,2800
2024-02-01,454.1528625488281,459.0362266622564,451.2228440807712,457.0828810168851,3800
2024-02-02,452.19952392578125,459.03623379074986,452.19952392578125,454.15286960148654,4000
2024-02-05,448.2928466796875,453.17621102260347,446.3395009425211,453.17621102260347,4800
2024-02-06,450.2461853027344,452.1995310090369,448.29283959643186,448.29283959643186,1400
2024-02-07,452.19952392578125,453.17619676363387,452.19952392578125,452.19952392578125,500
2024-02-08,450.2461853027344,452.1995310090369,450.2461853027344,452.1995310090369,1200
2024-02-09,454.1528625488281,456.10620819419944,450.24617125808555,453.17618972614247,1800
2024-02-13,469.7796630859375,473.6863546708517,439.5028033028521,453.17622385005194,30400
2024-02-14,441.45611572265625,454.1528624137946,438.52609725547046,451.2228439466088,12500
2024-02-15,434.6194152832031,439.5027794998683,430.71272390987093,433.64274243987006,8200
2024-02-16,439.5027770996094,448.2928326416016,435.59608574761285,436.572758585612,2100
2024-02-19,440.4794616699219,445.3628259899875,440.4794616699219,445.3628259899875,2300
2024-02-20,443.40948486328125,445.36283061157764,440.47946624083664,440.47946624083664,2800
2024-02-21,450.2461853027344,452.1995310090369,441.456129624373,447.3161667432806,4700
2024-02-22,454.1528625488281,454.1528625488281,454.1528625488281,454.1528625488281,500
2024-02-26,446.3394775390625,454.1528600780395,444.38613190431823,454.1528600780395,3000
2024-02-27,453.17620849609375,455.12955422237,453.17620849609375,454.15288135923186,3400
2024-02-28,453.17620849609375,453.17620849609375,453.17620849609375,453.17620849609375,300
2024-02-29,455.1295471191406,455.1295471191406,451.22285572756,451.22285572756,400
2024-03-01,454.1528625488281,460.01289948494207,449.2694984353999,455.1295353715138,5600
2024-03-04,458.0595703125,458.0595703125,458.0595703125,458.0595703125,200
2024-03-05,451.22283935546875,458.0595490426728,451.22283935546875,458.0595490426728,1100
2024-03-06,453.17620849609375,453.17620849609375,451.2228627698175,451.2228627698175,400
2024-03-07,448.2928466796875,456.10622962835305,446.3395009425211,456.10622962835305,5700
2024-03-08,452.19952392578125,459.03623379074986,446.33948689866526,449.2695054122232,3700
2024-03-11,450.2461853027344,459.0362409810958,450.2461853027344,459.0362409810958,2500
2024-03-12,457.0828857421875,460.98957707331726,453.1761944110577,453.1761944110577,2800
2024-03-13,457.0828857421875,457.0828857421875,457.0828857421875,457.0828857421875,100
2024-03-14,458.0595703125,458.0595703125,456.10622459688165,457.08289745469085,800
2024-03-15,456.106201171875,458.0595467871721,456.106201171875,458.0595467871721,4300
2024-03-18,456.106201171875,456.106201171875,456.106201171875,456.106201171875,400
2024-03-19,454.1528625488281,457.0828810168851,454.1528625488281,456.10620819419944,2300
2024-03-21,452.19952392578125,458.0595609528972,452.19952392578125,454.15286960148654,7400
2024-03-22,459.0362548828125,459.0362548828125,450.246198938248,454.1528904691656,4700
2024-03-25,453.17620849609375,459.03624567492255,448.29284418040305,459.03624567492255,7100
2024-03-26,459.0362548828125,483.45307695104725,450.246198938248,459.0362548828125,49100
2024-03-27,460.012939453125,467.8263227134753,454.1529020078622,459.0362665455812,11300
2024-03-28,448.09033203125,452.0645256634562,443.12258999099225,448.09033203125,3800
2024-03-29,446.1032409667969,458.02582201713443,445.10969254593545,448.0903378085198,1600
2024-04-01,448.09033203125,456.0387192956624,446.10323521514687,446.10323521514687,2100
2024-04-02,448.09033203125,454.0516224795593,446.10323521514687,447.09678362319846,600
2024-04-03,451.07098388671875,452.0645323093767,445.10969335077095,447.0967901960869,700
2024-04-04,439.14837646484375,447.0967633691848,438.1548281018011,447.0967633691848,7300
2024-04-05,437.1612854003906,443.1225756558505,435.1741886485707,438.1548337763006,5100
2024-04-08,437.1612854003906,442.1290272799405,435.1741886485707,437.1612854003906,4000
2024-04-09,438.15484619140625,438.15484619140625,438.15484619140625,438.15484619140625,100
2024-04-10,440.1419372558594,451.0709695579236,440.1419372558594,441.1354856469561,2300
2024-04-11,447.0967712402344,447.0967712402344,441.13548095703123,441.13548095703123,1600
2024-04-12,445.10968017578125,458.0258092880249,443.1225833892822,454.05161571502686,4200
2024-04-15,445.10968017578125,445.10968017578125,444.11613178253174,444.11613178253174,2700
2024-04-16,437.1612854003906,444.1161240317605,437.1612854003906,444.1161240317605,2700
2024-04-17,437.1612854003906,439.14838215221056,437.1612854003906,439.14838215221056,2300
2024-04-18,442.1290283203125,442.1290283203125,436.1677380508251,436.1677380508251,1200
2024-04-19,436.1677551269531,441.1354972126815,433.1871098755161,441.1354972126815,4200
2024-04-22,441.135498046875,460.01291800834036,441.135498046875,460.01291800834036,12500
2024-04-23,442.1290283203125,447.0967702115519,440.1419315638167,440.1419315638167,2000
2024-04-24,444.1161193847656,444.1161193847656,439.14837755719554,439.14837755719554,1400
2024-04-25,444.1161193847656,450.0774095778497,444.1161193847656,444.1161193847656,700
2024-04-26,446.1032409667969,450.07743465024276,444.11614412507396,444.11614412507396,300
2024-04-30,447.0967712402344,451.0709647623698,447.0967712402344,449.0838680013021,300
2024-05-01,445.10968017578125,449.0838737487793,442.1290349960327,449.0838737487793,2100
2024-05-02,444.1161193847656,444.1161193847656,442.1290226537376,442.1290226537376,1100
2024-05-07,445.10968017578125,445.10968017578125,445.10968017578125,445.10968017578125,100
2024-05-08,453.0580749511719,453.0580749511719,452.06452654119124,453.0580749511719,1000
2024-05-09,453.0580749511719,453.0580749511719,453.0580749511719,453.0580749511719,0
2024-05-10,450.0774230957031,453.05806828176736,450.0774230957031,453.05806828176736,400
2024-05-13,455.045166015625,455.045166015625,452.0645208233829,452.0645208233829,1400
2024-05-14,458.02581787109375,458.02581787109375,450.0774305761507,457.03226945922586,2500
2024-05-15,445.10968017578125,466.9677448272705,445.10968017578125,458.0258092880249,12200
2024-05-16,436.1677551269531,444.1161424641186,435.17420670980744,437.1613035440988,9500
2024-05-17,435.1741943359375,440.14193628041164,433.1870975581478,433.1870975581478,1500
2024-05-20,437.1612854003906,437.1612854003906,434.1806402726607,436.16773702448063,1500
2024-05-21,435.1741943359375,439.14838789151685,435.1741943359375,437.16129111372715,2600
2024-05-22,436.1677551269531,441.1354972126815,434.18065829266175,435.17420670980744,3600
2024-05-23,437.1612854003906,437.1612854003906,434.1806402726607,436.16773702448063,3600
2024-05-24,438.15484619140625,445.10968501984127,433.18710417109554,437.1612977873441,2300
2024-05-27,439.14837646484375,452.064505184398,439.14837646484375,442.12902155397165,3700
2024-05-28,438.15484619140625,441.1354914035927,434.1806525751577,439.1483945954684,3400
2024-05-29,437.1612854003906,437.1612854003906,433.1870918967507,436.16773702448063,4400
2024-05-30,435.1741943359375,437.16129111372715,435.1741943359375,437.16129111372715,500
2024-05-31,440.1419372558594,441.1354856469561,436.16774369147237,436.16774369147237,300
2024-06-03,439.14837646484375,444.1161182800569,439.14837646484375,444.1161182800569,500
2024-06-04,442.1290283203125,442.1290283203125,437.161286429073,441.1354799420646,1200
2024-06-05,436.1677551269531,437.1613035440988,436.1677551269531,437.1613035440988,1800
2024-06-06,442.1290283203125,442.1290283203125,436.1677380508251,436.1677380508251,1900
2024-06-07,443.1225891113281,443.1225891113281,442.1290407052489,442.1290407052489,300
2024-06-10,445.10968017578125,453.05806732177734,445.10968017578125,449.0838737487793,2500
2024-06-11,449.0838623046875,449.0838623046875,445.1096688329646,445.1096688329646,1300
2024-06-12,450.0774230957031,450.0774230957031,447.0967779096389,449.08387470034836,1800
2024-06-13,445.10968017578125,448.0903253555298,444.11613178253174,448.0903253555298,2500
2024-06-14,452.06451416015625,452.06451416015625,445.1096754807692,445.1096754807692,400
2024-06-17,451.07098388671875,451.07098388671875,445.10969335077095,451.07098388671875,4100
2024-06-18,452.06451416015625,452.06451416015625,450.0774173946171,451.0709657773867,1300
2024-06-19,450.0774230957031,452.06451988641265,439.1483907468008,452.06451988641265,4000
2024-06-20,445.10968017578125,448.0903253555298,445.10968017578125,447.0967769622803,1400
2024-06-21,449.0838623046875,453.0580557764104,446.1032172008953,453.0580557764104,3300
2024-06-24,448.09033203125,452.0645256634562,448.09033203125,452.0645256634562,1900
2024-06-25,449.0838623046875,451.0709590405489,449.0838623046875,451.0709590405489,2100
2024-06-26,447.0967712402344,452.06451314290365,447.0967712402344,452.06451314290365,1400
2024-06-27,449.0838623046875,449.0838623046875,449.0838623046875,449.0838623046875,200
2024-06-28,451.07098388671875,451.07098388671875,449.0838870414028,449.0838870414028,500
2024-07-01,449.0838623046875,453.0580557764104,449.0838623046875,452.06450740847964,4000
2024-07-02,453.0580749511719,453.0580749511719,452.06452654119124,453.0580749511719,900
2024-07-03,450.0774230957031,455.0451650724769,450.0774230957031,450.0774230957031,1400
2024-07-04,455.045166015625,455.045166015625,451.0709724259689,455.045166015625,1400
2024-07-05,455.045166015625,455.045166015625,455.045166015625,455.045166015625,100
2024-07-08,462.0,462.9935483870968,455.0451612903226,455.0451612903226,2900
2024-07-09,459.01934814453125,461.9999932623529,457.03225139931686,459.01934814453125,1400
2024-07-10,459.01934814453125,461.0064448897457,459.01934814453125,460.0128965171385,2000
2024-07-11,461.0064697265625,462.00001815269735,460.01292130042765,460.01292130042765,1100
2024-07-12,461.0064697265625,462.00001815269735,458.025824448158,458.025824448158,2900
2024-07-16,464.98065185546875,464.98065185546875,452.0645226372613,461.00645824986645,3300
2024-07-17,465.97418212890625,465.97418212890625,462.99353704066164,465.97418212890625,2700
2024-07-18,465.97418212890625,465.97418212890625,464.980633766158,464.980633766158,1000
2024-07-19,454.0516052246094,465.97418566814395,451.07096011372573,465.97418566814395,3900
2024-07-22,464.98065185546875,464.98065185546875,455.045167841463,455.045167841463,1400
2024-07-23,462.9935607910156,465.9742060321595,462.9935607910156,465.9742060321595,500
2024-07-24,461.0064697265625,462.00001815269735,460.01292130042765,460.01292130042765,1200
2024-07-25,456.0387268066406,465.97421105079405,453.0580815333946,465.97421105079405,3300
2024-07-26,450.0774230957031,460.01290704925066,450.0774230957031,456.03871346783166,2700
2024-07-29,454.0516052246094,458.02579870578757,452.0645084840203,452.0645084840203,700
2024-07-30,457.0322570800781,457.0322570800781,457.0322570800781,457.0322570800781,100
2024-07-31,454.0516052246094,458.02579870578757,454.0516052246094,458.02579870578757,600
2024-08-01,452.06451416015625,464.9806431361607,450.0774173946171,464.9806431361607,2700
2024-08-02,441.135498046875,448.09033698004646,441.135498046875,448.09033698004646,5800
2024-08-05,419.2774353027344,434.1806616760543,419.2774353027344,434.1806616760543,18000
2024-08-06,430.2064514160156,430.2064514160156,430.2064514160156,430.2064514160156,100
2024-08-07,426.2322692871094,427.22581770036606,409.34194626174605,418.283881981056,3100
2024-08-08,423.2516174316406,430.2064562157286,423.2516174316406,430.2064562157286,800
2024-08-09,438.15484619140625,438.15484619140625,428.21936215078483,434.1806525751577,2200
2024-08-13,437.1612854003906,439.14838215221056,432.1935435208407,436.16773702448063,3200
2024-08-14,461.0064697265625,464.98066343110185,429.21292009024785,456.0387275958883,12100
2024-08-15,447.0967712402344,473.9225775146484,444.11612609863283,473.9225775146484,12000
2024-08-16,452.06451416015625,461.999997987852,452.06451416015625,452.06451416015625,1900
2024-08-19,453.0580749511719,461.006462231017,452.06452654119124,452.06452654119124,1500
2024-08-20,452.06451416015625,462.9935463706216,452.06451416015625,453.0580625429258,1900
2024-08-21,448.09033203125,451.07097725540467,448.09033203125,451.07097725540467,1000
2024-08-22,452.06451416015625,452.06451416015625,450.0774173946171,450.0774173946171,700
2024-08-23,451.07098388671875,460.0129196906405,451.07098388671875,460.0129196906405,2800
2024-08-26,448.09033203125,451.07097725540467,448.09033203125,448.09033203125,1900
2024-08-27,457.0322570800781,463.987095774775,449.0838700004246,449.0838700004246,4800
2024-08-28,451.07098388671875,452.0645323093767,450.0774354640608,450.0774354640608,2500
2024-08-29,453.0580749511719,453.0580749511719,453.0580749511719,453.0580749511719,100
2024-08-30,450.0774230957031,457.0322618631864,450.0774230957031,453.05806828176736,1300
2024-09-02,450.0774230957031,458.0258102585411,450.0774230957031,458.0258102585411,3700
2024-09-03,451.07098388671875,451.07098388671875,450.0774354640608,450.0774354640608,200
2024-09-04,451.07098388671875,459.01937126798254,450.0774354640608,459.01937126798254,1400
2024-09-05,451.07098388671875,457.0322744226666,450.0774354640608,457.0322744226666,1200
2024-09-06,455.045166015625,455.045166015625,455.045166015625,455.045166015625,3100
2024-09-09,452.06451416015625,458.0258044567737,452.06451416015625,455.045159308465,400
2024-09-10,458.02581787109375,458.02581787109375,452.06452739988646,458.02581787109375,2400
2024-09-11,458.02581787109375,458.02581787109375,458.02581787109375,458.02581787109375,300
2024-09-12,456.0387268066406,456.0387268066406,454.05162995780995,455.0451783822253,900
2024-09-13,460.0129089355469,460.0129089355469,457.0322637372604,459.01936053611803,2600
2024-09-17,455.045166015625,460.0129080026951,455.045166015625,457.03226281045306,4000
2024-09-18,457.0322570800781,458.02580546503486,453.0580635402514,458.02580546503486,500
2024-09-19,454.0516052246094,454.0516052246094,454.0516052246094,454.0516052246094,200
2024-09-20,454.0516052246094,457.032250335493,454.0516052246094,457.032250335493,1800
2024-09-24,462.0,470.94193548387096,457.0322580645161,457.0322580645161,2700
2024-09-25,468.954833984375,471.9354791156316,468.954833984375,471.9354791156316,2000
2024-09-26,462.0,468.9548387096774,460.01290322580644,464.98064516129034,5300
2024-09-27,456.0,466.0,456.0,458.0,4300
2024-09-30,456.0,456.0,452.0,453.0,500
2024-10-01,454.0,458.0,454.0,458.0,1700
2024-10-02,455.0,455.0,452.0,452.0,1200
2024-10-03,450.0,455.0,450.0,455.0,200
2024-10-04,450.0,450.0,450.0,450.0,400
2024-10-07,445.0,450.0,441.0,450.0,7200
2024-10-08,444.0,445.0,440.0,445.0,2100
2024-10-09,441.0,447.0,439.0,444.0,4900
2024-10-10,442.0,443.0,442.0,443.0,1200
2024-10-11,445.0,445.0,441.0,442.0,1500
2024-10-15,444.0,444.0,444.0,444.0,2500
2024-10-16,442.0,444.0,441.0,444.0,600
2024-10-17,442.0,442.0,442.0,442.0,300
2024-10-18,436.0,437.0,435.0,436.0,6400
2024-10-21,442.0,443.0,442.0,442.0,1600
2024-10-22,438.0,444.0,438.0,444.0,700
2024-10-23,438.0,438.0,438.0,438.0,0
2024-10-24,447.0,447.0,441.0,441.0,400
2024-10-25,442.0,454.0,442.0,454.0,600
2024-10-28,442.0,458.0,439.0,441.0,1800
2024-10-29,442.0,442.0,442.0,442.0,100
2024-10-30,442.0,443.0,442.0,443.0,300
2024-10-31,441.0,442.0,441.0,442.0,500
2024-11-01,444.0,447.0,441.0,447.0,1000
2024-11-05,445.0,449.0,445.0,449.0,400
2024-11-06,445.0,445.0,445.0,445.0,0
2024-11-07,443.0,444.0,443.0,444.0,1600
2024-11-08,445.0,445.0,441.0,442.0,2200
2024-11-11,439.0,449.0,439.0,446.0,4300
2024-11-12,446.0,447.0,438.0,439.0,2000
2024-11-13,442.0,443.0,442.0,443.0,800
2024-11-14,437.0,447.0,435.0,447.0,6100
2024-11-15,447.0,448.0,447.0,448.0,3400
2024-11-18,441.0,443.0,440.0,440.0,1200
2024-11-19,440.0,440.0,435.0,435.0,1500
2024-11-20,440.0,440.0,440.0,440.0,0
2024-11-21,443.0,446.0,443.0,443.0,700
2024-11-22,437.0,441.0,436.0,440.0,3400
2024-11-25,434.0,445.0,434.0,445.0,8700
2024-11-26,431.0,434.0,431.0,434.0,2400
2024-11-27,430.0,435.0,430.0,431.0,3800
2024-11-28,433.0,434.0,430.0,434.0,3600
2024-11-29,439.0,439.0,434.0,434.0,1000
2024-12-02,441.0,441.0,441.0,441.0,500
2024-12-03,436.0,440.0,436.0,440.0,500
2024-12-04,435.0,435.0,435.0,435.0,1300
2024-12-05,433.0,439.0,433.0,435.0,1300
2024-12-06,432.0,433.0,431.0,432.0,1800
2024-12-09,432.0,435.0,430.0,435.0,3700
2024-12-10,436.0,436.0,432.0,432.0,800
2024-12-11,440.0,440.0,436.0,440.0,2800
2024-12-12,436.0,440.0,434.0,437.0,2600
2024-12-13,440.0,440.0,436.0,439.0,2800
2024-12-16,439.0,447.0,439.0,447.0,6200
2024-12-17,439.0,439.0,439.0,439.0,0
2024-12-18,439.0,439.0,439.0,439.0,100
2024-12-19,440.0,442.0,440.0,441.0,1500
2024-12-20,440.0,440.0,440.0,440.0,500
2024-12-23,445.0,445.0,445.0,445.0,1500
2024-12-24,438.0,442.0,438.0,442.0,1300
2024-12-25,437.0,441.0,437.0,441.0,3800
2024-12-26,436.0,438.0,436.0,438.0,900
2024-12-27,439.0,439.0,436.0,436.0,1200
2024-12-30,445.0,445.0,439.0,439.0,2400
2025-01-06,454.0,460.0,454.0,460.0,2700
2025-01-07,450.0,454.0,450.0,454.0,1600
2025-01-08,455.0,459.0,443.0,454.0,5700
2025-01-09,458.0,460.0,455.0,460.0,1300
2025-01-10,460.0,460.0,460.0,460.0,300
2025-01-14,460.0,463.0,457.0,463.0,3500
2025-01-15,453.0,460.0,453.0,460.0,2700
2025-01-16,460.0,460.0,453.0,458.0,1600
2025-01-17,463.0,463.0,454.0,454.0,3100
2025-01-20,461.0,463.0,459.0,463.0,1200
2025-01-21,457.0,458.0,446.0,458.0,1200
2025-01-22,446.0,450.0,446.0,449.0,2100
2025-01-23,462.0,462.0,446.0,446.0,1400
2025-01-24,462.0,462.0,462.0,462.0,700
