Price,Close,High,Low,Open,Volume
Ticker,8207.T,8207.T,8207.T,8207.T,8207.T
Date,,,,,
2022-01-04,311.0,312.0,308.0,310.0,42300
2022-01-05,311.0,313.0,309.0,311.0,28100
2022-01-06,307.0,310.0,306.0,307.0,48300
2022-01-07,305.0,309.0,305.0,307.0,69500
2022-01-11,305.0,307.0,304.0,305.0,30100
2022-01-12,310.0,310.0,306.0,306.0,15900
2022-01-13,307.0,310.0,307.0,310.0,18200
2022-01-14,307.0,309.0,306.0,309.0,31500
2022-01-17,308.0,309.0,306.0,308.0,18000
2022-01-18,307.0,310.0,307.0,309.0,14900
2022-01-19,306.0,308.0,306.0,307.0,25300
2022-01-20,306.0,308.0,306.0,306.0,17900
2022-01-21,308.0,308.0,305.0,305.0,23600
2022-01-24,309.0,309.0,306.0,308.0,13000
2022-01-25,307.0,309.0,306.0,309.0,17700
2022-01-26,307.0,309.0,306.0,309.0,12400
2022-01-27,303.0,309.0,303.0,309.0,58800
2022-01-28,309.0,309.0,304.0,304.0,35400
2022-01-31,313.0,313.0,308.0,309.0,23400
2022-02-01,310.0,313.0,310.0,313.0,16300
2022-02-02,314.0,315.0,312.0,312.0,13700
2022-02-03,311.0,313.0,311.0,311.0,11200
2022-02-04,312.0,314.0,311.0,311.0,13900
2022-02-07,311.0,314.0,311.0,314.0,13300
2022-02-08,314.0,314.0,313.0,313.0,13200
2022-02-09,315.0,315.0,312.0,314.0,19200
2022-02-10,319.0,319.0,316.0,318.0,25300
2022-02-14,316.0,319.0,316.0,319.0,22600
2022-02-15,317.0,319.0,317.0,319.0,17400
2022-02-16,319.0,319.0,317.0,319.0,21500
2022-02-17,317.0,319.0,317.0,319.0,13400
2022-02-18,319.0,319.0,316.0,317.0,20700
2022-02-21,319.0,319.0,316.0,319.0,19900
2022-02-22,315.0,317.0,315.0,317.0,23100
2022-02-24,318.0,318.0,313.0,317.0,35300
2022-02-25,319.0,319.0,312.0,312.0,39500
2022-02-28,321.0,323.0,317.0,320.0,35500
2022-03-01,323.0,323.0,320.0,323.0,28000
2022-03-02,320.0,323.0,319.0,319.0,20400
2022-03-03,320.0,323.0,320.0,323.0,24500
2022-03-04,319.0,321.0,318.0,320.0,17600
2022-03-07,317.0,320.0,316.0,319.0,31300
2022-03-08,319.0,320.0,316.0,318.0,33600
2022-03-09,317.0,320.0,317.0,320.0,25300
2022-03-10,323.0,323.0,318.0,318.0,26800
2022-03-11,319.0,323.0,319.0,323.0,36100
2022-03-14,324.0,325.0,321.0,322.0,40100
2022-03-15,327.0,327.0,324.0,324.0,38400
2022-03-16,330.0,330.0,325.0,325.0,42700
2022-03-17,333.0,335.0,329.0,331.0,74800
2022-03-18,335.0,336.0,333.0,335.0,36700
2022-03-22,336.0,337.0,333.0,337.0,52300
2022-03-23,338.0,338.0,335.0,336.0,49000
2022-03-24,337.0,337.0,335.0,337.0,46100
2022-03-25,335.0,337.0,335.0,337.0,35600
2022-03-28,335.0,338.0,334.0,336.0,83300
2022-03-29,339.0,339.0,333.0,334.0,153800
2022-03-30,320.0,332.0,320.0,331.0,246000
2022-03-31,315.0,318.0,315.0,317.0,70300
2022-04-01,314.0,317.0,313.0,314.0,65400
2022-04-04,314.0,316.0,314.0,314.0,34400
2022-04-05,315.0,318.0,314.0,316.0,44300
2022-04-06,315.0,317.0,314.0,315.0,24800
2022-04-07,316.0,316.0,313.0,314.0,44500
2022-04-08,312.0,315.0,312.0,314.0,43400
2022-04-11,311.0,314.0,310.0,313.0,42600
2022-04-12,311.0,312.0,309.0,310.0,32700
2022-04-13,311.0,311.0,309.0,311.0,20300
2022-04-14,311.0,312.0,309.0,310.0,23700
2022-04-15,310.0,311.0,309.0,309.0,29200
2022-04-18,308.0,310.0,308.0,310.0,26400
2022-04-19,309.0,311.0,308.0,308.0,20800
2022-04-20,312.0,312.0,309.0,309.0,19400
2022-04-21,313.0,313.0,311.0,311.0,16800
2022-04-22,309.0,311.0,309.0,310.0,19400
2022-04-25,310.0,310.0,308.0,309.0,24000
2022-04-26,307.0,310.0,307.0,310.0,23400
2022-04-27,313.0,313.0,305.0,306.0,61800
2022-04-28,312.0,312.0,309.0,312.0,18600
2022-05-02,310.0,313.0,310.0,312.0,21200
2022-05-06,309.0,312.0,309.0,311.0,34800
2022-05-09,310.0,312.0,309.0,311.0,19600
2022-05-10,309.0,311.0,308.0,310.0,25300
2022-05-11,311.0,311.0,309.0,310.0,20700
2022-05-12,311.0,313.0,310.0,310.0,17900
2022-05-13,315.0,315.0,311.0,312.0,31800
2022-05-16,317.0,317.0,313.0,316.0,33100
2022-05-17,313.0,315.0,311.0,315.0,21500
2022-05-18,316.0,316.0,313.0,314.0,18500
2022-05-19,317.0,317.0,310.0,310.0,87100
2022-05-20,314.0,314.0,310.0,310.0,456900
2022-05-23,314.0,314.0,310.0,311.0,68400
2022-05-24,316.0,316.0,312.0,314.0,34300
2022-05-25,317.0,317.0,314.0,315.0,18300
2022-05-26,313.0,318.0,313.0,318.0,34800
2022-05-27,310.0,313.0,310.0,311.0,231200
2022-05-30,319.0,319.0,313.0,313.0,83400
2022-05-31,316.0,319.0,314.0,319.0,23400
2022-06-01,318.0,318.0,315.0,316.0,32800
2022-06-02,316.0,318.0,314.0,315.0,18800
2022-06-03,315.0,318.0,314.0,318.0,43700
2022-06-06,315.0,315.0,306.0,307.0,170500
2022-06-07,312.0,315.0,312.0,315.0,39500
2022-06-08,311.0,314.0,310.0,314.0,50900
2022-06-09,310.0,313.0,310.0,310.0,34700
2022-06-10,309.0,310.0,308.0,309.0,53700
2022-06-13,310.0,310.0,307.0,308.0,47000
2022-06-14,307.0,309.0,307.0,308.0,47400
2022-06-15,307.0,309.0,307.0,307.0,29100
2022-06-16,309.0,309.0,306.0,308.0,41400
2022-06-17,306.0,308.0,306.0,306.0,58100
2022-06-20,306.0,308.0,306.0,307.0,23300
2022-06-21,308.0,308.0,306.0,306.0,28400
2022-06-22,306.0,308.0,306.0,308.0,26900
2022-06-23,306.0,307.0,306.0,307.0,25000
2022-06-24,306.0,308.0,306.0,306.0,37600
2022-06-27,308.0,308.0,306.0,307.0,39600
2022-06-28,309.0,310.0,307.0,308.0,34600
2022-06-29,314.0,314.0,309.0,311.0,89300
2022-06-30,308.0,313.0,308.0,313.0,46700
2022-07-01,307.0,310.0,306.0,309.0,76000
2022-07-04,309.0,310.0,307.0,309.0,49100
2022-07-05,309.0,310.0,308.0,308.0,29700
2022-07-06,307.0,309.0,307.0,307.0,57800
2022-07-07,308.0,308.0,305.0,306.0,106900
2022-07-08,305.0,308.0,305.0,306.0,110900
2022-07-11,307.0,307.0,305.0,305.0,82200
2022-07-12,306.0,306.0,305.0,305.0,53100
2022-07-13,307.0,307.0,303.0,305.0,93900
2022-07-14,305.0,307.0,304.0,305.0,32100
2022-07-15,305.0,306.0,304.0,305.0,45300
2022-07-19,306.0,306.0,303.0,305.0,74300
2022-07-20,305.0,306.0,304.0,305.0,44700
2022-07-21,306.0,306.0,304.0,304.0,37000
2022-07-22,305.0,306.0,304.0,305.0,29600
2022-07-25,306.0,306.0,304.0,305.0,24700
2022-07-26,306.0,306.0,305.0,305.0,15900
2022-07-27,304.0,306.0,304.0,306.0,33100
2022-07-28,307.0,307.0,304.0,306.0,93800
2022-07-29,304.0,307.0,304.0,307.0,22600
2022-08-01,305.0,306.0,304.0,305.0,32800
2022-08-02,304.0,306.0,304.0,306.0,31800
2022-08-03,304.0,305.0,304.0,305.0,27200
2022-08-04,304.0,306.0,304.0,305.0,31300
2022-08-05,304.0,305.0,304.0,304.0,20700
2022-08-08,305.0,306.0,304.0,305.0,39400
2022-08-09,304.0,306.0,304.0,305.0,31500
2022-08-10,305.0,306.0,304.0,304.0,29600
2022-08-12,306.0,306.0,305.0,305.0,35400
2022-08-15,306.0,306.0,304.0,305.0,49500
2022-08-16,305.0,306.0,304.0,305.0,24700
2022-08-17,305.0,306.0,305.0,305.0,35800
2022-08-18,305.0,307.0,305.0,305.0,52600
2022-08-19,306.0,307.0,305.0,305.0,46900
2022-08-22,307.0,307.0,305.0,306.0,20000
2022-08-23,306.0,307.0,305.0,306.0,18300
2022-08-24,305.0,307.0,305.0,307.0,19300
2022-08-25,307.0,307.0,305.0,306.0,28400
2022-08-26,307.0,308.0,306.0,307.0,28800
2022-08-29,305.0,308.0,305.0,305.0,70400
2022-08-30,309.0,309.0,305.0,306.0,76000
2022-08-31,309.0,309.0,306.0,306.0,42300
2022-09-01,306.0,308.0,306.0,307.0,55800
2022-09-02,307.0,307.0,305.0,306.0,47000
2022-09-05,309.0,309.0,306.0,307.0,39600
2022-09-06,308.0,310.0,307.0,308.0,35300
2022-09-07,308.0,308.0,305.0,308.0,41100
2022-09-08,309.0,309.0,306.0,307.0,40300
2022-09-09,311.0,311.0,308.0,310.0,67000
2022-09-12,307.0,307.0,306.0,307.0,88300
2022-09-13,303.0,305.0,303.0,305.0,227900
2022-09-14,293.0,301.0,293.0,300.0,589100
2022-09-15,286.0,288.0,285.0,288.0,735800
2022-09-16,288.0,290.0,286.0,287.0,206900
2022-09-20,289.0,290.0,289.0,289.0,77000
2022-09-21,288.0,291.0,288.0,289.0,122200
2022-09-22,287.0,288.0,286.0,287.0,116000
2022-09-26,285.0,287.0,285.0,287.0,119600
2022-09-27,284.0,287.0,284.0,285.0,144800
2022-09-28,286.0,288.0,284.0,285.0,292500
2022-09-29,272.0,277.0,272.0,275.0,404700
2022-09-30,258.0,271.0,258.0,271.0,374300
2022-10-03,247.0,255.0,247.0,255.0,199900
2022-10-04,249.0,250.0,246.0,249.0,142600
2022-10-05,247.0,250.0,246.0,248.0,123100
2022-10-06,247.0,251.0,246.0,246.0,143100
2022-10-07,247.0,249.0,246.0,247.0,112100
2022-10-11,243.0,248.0,242.0,247.0,183400
2022-10-12,248.0,248.0,243.0,244.0,106200
2022-10-13,242.0,248.0,242.0,248.0,92600
2022-10-14,243.0,246.0,241.0,246.0,124900
2022-10-17,243.0,244.0,242.0,243.0,66800
2022-10-18,246.0,248.0,244.0,244.0,67900
2022-10-19,250.0,253.0,246.0,247.0,96500
2022-10-20,249.0,252.0,248.0,252.0,41800
2022-10-21,248.0,250.0,248.0,249.0,40400
2022-10-24,246.0,250.0,246.0,248.0,43800
2022-10-25,245.0,247.0,244.0,247.0,64500
2022-10-26,244.0,247.0,244.0,246.0,69100
2022-10-27,245.0,247.0,244.0,244.0,41300
2022-10-28,245.0,249.0,245.0,246.0,111400
2022-10-31,246.0,247.0,245.0,247.0,45500
2022-11-01,245.0,247.0,245.0,246.0,40500
2022-11-02,245.0,247.0,245.0,247.0,36900
2022-11-04,244.0,246.0,244.0,245.0,66200
2022-11-07,244.0,246.0,244.0,244.0,46800
2022-11-08,246.0,246.0,244.0,244.0,40800
2022-11-09,245.0,246.0,245.0,246.0,37900
2022-11-10,243.0,245.0,243.0,245.0,46100
2022-11-11,247.0,247.0,244.0,244.0,59100
2022-11-14,246.0,247.0,245.0,246.0,37300
2022-11-15,245.0,247.0,245.0,245.0,27100
2022-11-16,246.0,248.0,246.0,247.0,33100
2022-11-17,248.0,250.0,246.0,246.0,58500
2022-11-18,254.0,255.0,249.0,249.0,85400
2022-11-21,258.0,260.0,255.0,255.0,119400
2022-11-22,258.0,260.0,257.0,260.0,69900
2022-11-24,263.0,263.0,259.0,260.0,62000
2022-11-25,263.0,263.0,261.0,263.0,56900
2022-11-28,261.0,262.0,261.0,261.0,36800
2022-11-29,263.0,263.0,259.0,262.0,64000
2022-11-30,260.0,262.0,260.0,262.0,42800
2022-12-01,259.0,261.0,259.0,260.0,50400
2022-12-02,259.0,261.0,259.0,260.0,57000
2022-12-05,259.0,260.0,258.0,260.0,53400
2022-12-06,258.0,260.0,258.0,260.0,34200
2022-12-07,257.0,259.0,257.0,259.0,47400
2022-12-08,256.0,259.0,256.0,258.0,62400
2022-12-09,259.0,259.0,257.0,257.0,52200
2022-12-12,258.0,260.0,258.0,258.0,45600
2022-12-13,258.0,260.0,258.0,258.0,51900
2022-12-14,258.0,260.0,258.0,260.0,47400
2022-12-15,259.0,260.0,259.0,259.0,35100
2022-12-16,259.0,260.0,259.0,259.0,30000
2022-12-19,258.0,260.0,258.0,259.0,40400
2022-12-20,254.0,259.0,254.0,259.0,97300
2022-12-21,251.0,255.0,251.0,255.0,85100
2022-12-22,250.0,251.0,249.0,251.0,72200
2022-12-23,248.0,250.0,246.0,248.0,94300
2022-12-26,246.0,249.0,246.0,249.0,82300
2022-12-27,246.0,247.0,245.0,246.0,99600
2022-12-28,246.0,246.0,244.0,245.0,138400
2022-12-29,251.0,251.0,245.0,245.0,77200
2022-12-30,250.0,251.0,249.0,250.0,43200
2023-01-04,250.0,251.0,248.0,249.0,43400
2023-01-05,248.0,249.0,248.0,248.0,24100
2023-01-06,252.0,252.0,248.0,248.0,40800
2023-01-10,253.0,253.0,251.0,252.0,27400
2023-01-11,255.0,258.0,253.0,254.0,47800
2023-01-12,251.0,254.0,250.0,254.0,47200
2023-01-13,251.0,253.0,251.0,251.0,24600
2023-01-16,252.0,254.0,252.0,254.0,27100
2023-01-17,254.0,255.0,252.0,252.0,28100
2023-01-18,256.0,258.0,253.0,255.0,24300
2023-01-19,256.0,257.0,256.0,256.0,17200
2023-01-20,257.0,258.0,256.0,256.0,22800
2023-01-23,258.0,258.0,257.0,258.0,24000
2023-01-24,262.0,262.0,258.0,258.0,50800
2023-01-25,262.0,263.0,260.0,261.0,25100
2023-01-26,263.0,263.0,262.0,263.0,21900
2023-01-27,265.0,266.0,263.0,264.0,40100
2023-01-30,263.0,270.0,263.0,268.0,153600
2023-01-31,269.0,270.0,265.0,265.0,32600
2023-02-01,271.0,271.0,269.0,269.0,41400
2023-02-02,272.0,273.0,270.0,272.0,27100
2023-02-03,271.0,272.0,270.0,270.0,23300
2023-02-06,273.0,273.0,270.0,273.0,27800
2023-02-07,270.0,273.0,270.0,273.0,24200
2023-02-08,272.0,273.0,271.0,272.0,23000
2023-02-09,270.0,273.0,270.0,273.0,28800
2023-02-10,269.0,270.0,266.0,270.0,64500
2023-02-13,269.0,270.0,268.0,270.0,21000
2023-02-14,270.0,271.0,269.0,270.0,16300
2023-02-15,270.0,272.0,270.0,271.0,27500
2023-02-16,274.0,274.0,270.0,271.0,21600
2023-02-17,273.0,275.0,271.0,271.0,26600
2023-02-20,275.0,277.0,275.0,275.0,23300
2023-02-21,276.0,277.0,275.0,275.0,24900
2023-02-22,275.0,278.0,274.0,275.0,36900
2023-02-24,276.0,276.0,274.0,274.0,38500
2023-02-27,279.0,279.0,276.0,276.0,43800
2023-02-28,281.0,282.0,279.0,280.0,46000
2023-03-01,283.0,283.0,281.0,282.0,23800
2023-03-02,282.0,284.0,282.0,283.0,36300
2023-03-03,284.0,284.0,282.0,283.0,31600
2023-03-06,287.0,287.0,284.0,284.0,44600
2023-03-07,286.0,288.0,286.0,287.0,45700
2023-03-08,288.0,288.0,286.0,288.0,28100
2023-03-09,289.0,289.0,287.0,289.0,47700
2023-03-10,286.0,288.0,286.0,288.0,62200
2023-03-13,282.0,284.0,281.0,284.0,60800
2023-03-14,275.0,281.0,275.0,280.0,128000
2023-03-15,278.0,281.0,277.0,278.0,26900
2023-03-16,279.0,282.0,275.0,275.0,82700
2023-03-17,278.0,282.0,278.0,280.0,53000
2023-03-20,283.0,283.0,279.0,282.0,75100
2023-03-22,289.0,289.0,284.0,284.0,139000
2023-03-23,269.0,281.0,268.0,279.0,228800
2023-03-24,266.0,268.0,261.0,263.0,211800
2023-03-27,270.0,282.0,270.0,282.0,137600
2023-03-28,257.0,260.0,256.0,260.0,271800
2023-03-29,254.0,255.0,252.0,254.0,418000
2023-03-30,246.0,249.0,244.0,244.0,233300
2023-03-31,251.0,253.0,247.0,247.0,98800
2023-04-03,251.0,254.0,251.0,254.0,66500
2023-04-04,250.0,253.0,250.0,251.0,88000
2023-04-05,247.0,251.0,247.0,251.0,103900
2023-04-06,246.0,248.0,246.0,247.0,99000
2023-04-07,246.0,247.0,245.0,246.0,67900
2023-04-10,247.0,249.0,247.0,247.0,59500
2023-04-11,247.0,251.0,247.0,249.0,93900
2023-04-12,250.0,252.0,248.0,249.0,83900
2023-04-13,253.0,256.0,250.0,251.0,144600
2023-04-14,254.0,256.0,252.0,253.0,69600
2023-04-17,257.0,257.0,253.0,255.0,98900
2023-04-18,256.0,257.0,254.0,256.0,107900
2023-04-19,255.0,256.0,254.0,256.0,40900
2023-04-20,256.0,257.0,254.0,254.0,61000
2023-04-21,257.0,258.0,255.0,256.0,53600
2023-04-24,257.0,259.0,257.0,257.0,80300
2023-04-25,261.0,261.0,257.0,257.0,72100
2023-04-26,258.0,260.0,258.0,260.0,63600
2023-04-27,257.0,259.0,257.0,259.0,127700
2023-04-28,258.0,260.0,258.0,259.0,63200
2023-05-01,260.0,262.0,259.0,260.0,96700
2023-05-02,263.0,263.0,260.0,261.0,73400
2023-05-08,263.0,263.0,261.0,262.0,73800
2023-05-09,265.0,265.0,262.0,263.0,64400
2023-05-10,265.0,266.0,264.0,265.0,60600
2023-05-11,266.0,266.0,264.0,264.0,37600
2023-05-12,264.0,265.0,263.0,265.0,59900
2023-05-15,263.0,264.0,260.0,264.0,73300
2023-05-16,260.0,263.0,260.0,263.0,36500
2023-05-17,261.0,261.0,259.0,260.0,77100
2023-05-18,257.0,261.0,257.0,261.0,89100
2023-05-19,258.0,259.0,256.0,257.0,50800
2023-05-22,261.0,261.0,257.0,259.0,57100
2023-05-23,260.0,261.0,257.0,261.0,66300
2023-05-24,256.0,259.0,256.0,257.0,62400
2023-05-25,254.0,256.0,253.0,256.0,86600
2023-05-26,253.0,256.0,253.0,256.0,42700
2023-05-29,252.0,255.0,252.0,255.0,65000
2023-05-30,255.0,255.0,251.0,254.0,76800
2023-05-31,251.0,253.0,251.0,252.0,74600
2023-06-01,251.0,252.0,251.0,251.0,39500
2023-06-02,252.0,252.0,250.0,252.0,55000
2023-06-05,253.0,254.0,252.0,253.0,85600
2023-06-06,255.0,255.0,253.0,253.0,39900
2023-06-07,252.0,256.0,252.0,255.0,71600
2023-06-08,251.0,254.0,250.0,252.0,74100
2023-06-09,252.0,253.0,251.0,252.0,47600
2023-06-12,256.0,256.0,253.0,253.0,57800
2023-06-13,254.0,257.0,252.0,257.0,58200
2023-06-14,256.0,256.0,254.0,254.0,44700
2023-06-15,254.0,256.0,254.0,256.0,45900
2023-06-16,256.0,256.0,254.0,255.0,76200
2023-06-19,256.0,256.0,254.0,256.0,89800
2023-06-20,278.0,291.0,270.0,288.0,1356400
2023-06-21,278.0,280.0,276.0,278.0,396000
2023-06-22,283.0,290.0,278.0,279.0,517900
2023-06-23,286.0,286.0,281.0,285.0,182100
2023-06-26,280.0,287.0,280.0,287.0,169100
2023-06-27,282.0,282.0,277.0,281.0,92800
2023-06-28,281.0,282.0,279.0,282.0,112900
2023-06-29,284.0,284.0,279.0,280.0,77800
2023-06-30,283.0,285.0,281.0,283.0,75000
2023-07-03,283.0,288.0,283.0,285.0,140400
2023-07-04,286.0,286.0,283.0,286.0,46700
2023-07-05,289.0,289.0,286.0,286.0,112300
2023-07-06,286.0,289.0,286.0,288.0,131800
2023-07-07,285.0,286.0,283.0,286.0,86200
2023-07-10,285.0,287.0,284.0,286.0,96700
2023-07-11,289.0,291.0,285.0,285.0,129100
2023-07-12,286.0,289.0,286.0,288.0,68200
2023-07-13,289.0,289.0,286.0,287.0,45500
2023-07-14,289.0,292.0,287.0,290.0,86200
2023-07-18,290.0,291.0,289.0,291.0,63000
2023-07-19,291.0,292.0,291.0,291.0,50000
2023-07-20,295.0,295.0,292.0,293.0,101800
2023-07-21,293.0,295.0,293.0,295.0,63300
2023-07-24,298.0,298.0,295.0,296.0,91300
2023-07-25,297.0,298.0,296.0,298.0,89400
2023-07-26,297.0,298.0,295.0,298.0,89800
2023-07-27,299.0,299.0,295.0,296.0,53100
2023-07-28,305.0,305.0,298.0,299.0,365300
2023-07-31,314.0,314.0,309.0,311.0,234600
2023-08-01,320.0,320.0,314.0,315.0,172800
2023-08-02,317.0,321.0,316.0,321.0,183300
2023-08-03,312.0,320.0,311.0,320.0,190600
2023-08-04,318.0,319.0,311.0,311.0,69600
2023-08-07,318.0,318.0,316.0,318.0,67500
2023-08-08,320.0,320.0,317.0,318.0,107100
2023-08-09,318.0,323.0,318.0,320.0,131800
2023-08-10,321.0,322.0,316.0,318.0,124000
2023-08-14,316.0,318.0,306.0,318.0,320800
2023-08-15,313.0,318.0,311.0,316.0,143500
2023-08-16,312.0,314.0,311.0,313.0,49100
2023-08-17,306.0,311.0,305.0,311.0,195600
2023-08-18,299.0,304.0,299.0,304.0,165700
2023-08-21,305.0,307.0,300.0,300.0,93100
2023-08-22,307.0,309.0,306.0,306.0,57700
2023-08-23,311.0,312.0,309.0,309.0,61900
2023-08-24,310.0,313.0,310.0,312.0,87200
2023-08-25,309.0,312.0,308.0,311.0,83300
2023-08-28,312.0,312.0,308.0,311.0,98400
2023-08-29,312.0,313.0,309.0,312.0,107200
2023-08-30,317.0,317.0,311.0,312.0,148100
2023-08-31,318.0,320.0,316.0,318.0,175000
2023-09-01,326.0,327.0,319.0,320.0,265500
2023-09-04,331.0,334.0,326.0,327.0,179900
2023-09-05,330.0,332.0,328.0,330.0,108500
2023-09-06,331.0,333.0,330.0,332.0,98400
2023-09-07,330.0,332.0,328.0,331.0,97200
2023-09-08,328.0,330.0,327.0,329.0,120900
2023-09-11,328.0,331.0,328.0,328.0,79500
2023-09-12,325.0,329.0,325.0,329.0,70900
2023-09-13,322.0,327.0,321.0,327.0,132400
2023-09-14,326.0,327.0,323.0,323.0,62000
2023-09-15,328.0,329.0,326.0,326.0,78100
2023-09-19,328.0,328.0,325.0,328.0,78000
2023-09-20,323.0,328.0,323.0,327.0,138200
2023-09-21,322.0,325.0,322.0,323.0,80400
2023-09-22,319.0,322.0,319.0,321.0,132700
2023-09-25,318.0,320.0,316.0,319.0,155700
2023-09-26,318.0,320.0,317.0,320.0,150600
2023-09-27,322.0,324.0,316.0,318.0,359800
2023-09-28,302.0,312.0,300.0,312.0,335700
2023-09-29,304.0,312.0,303.0,304.0,133300
2023-10-02,295.0,304.0,295.0,304.0,209200
2023-10-03,291.0,294.0,291.0,293.0,105400
2023-10-04,291.0,291.0,286.0,289.0,138500
2023-10-05,298.0,299.0,291.0,291.0,166600
2023-10-06,305.0,306.0,299.0,299.0,114600
2023-10-10,300.0,303.0,297.0,303.0,146400
2023-10-11,299.0,306.0,299.0,305.0,132500
2023-10-12,300.0,300.0,296.0,298.0,77700
2023-10-13,294.0,300.0,294.0,300.0,88600
2023-10-16,290.0,294.0,290.0,294.0,93100
2023-10-17,295.0,295.0,291.0,292.0,68000
2023-10-18,300.0,300.0,295.0,297.0,80600
2023-10-19,296.0,299.0,296.0,299.0,54200
2023-10-20,293.0,295.0,292.0,295.0,64400
2023-10-23,294.0,297.0,293.0,293.0,43900
2023-10-24,296.0,298.0,289.0,293.0,101000
2023-10-25,300.0,301.0,297.0,297.0,51800
2023-10-26,300.0,304.0,300.0,301.0,60300
2023-10-27,302.0,302.0,298.0,299.0,33500
2023-10-30,297.0,305.0,297.0,303.0,173300
2023-10-31,303.0,303.0,295.0,299.0,67500
2023-11-01,306.0,306.0,304.0,304.0,48700
2023-11-02,306.0,307.0,304.0,307.0,32500
2023-11-06,309.0,309.0,307.0,307.0,42600
2023-11-07,312.0,312.0,309.0,309.0,46400
2023-11-08,304.0,312.0,303.0,312.0,62500
2023-11-09,304.0,305.0,302.0,304.0,36300
2023-11-10,303.0,304.0,300.0,302.0,36100
2023-11-13,301.0,305.0,301.0,305.0,28800
2023-11-14,303.0,305.0,301.0,305.0,52900
2023-11-15,307.0,309.0,305.0,306.0,37600
2023-11-16,304.0,309.0,304.0,307.0,31700
2023-11-17,307.0,307.0,302.0,305.0,32600
2023-11-20,304.0,308.0,304.0,306.0,33400
2023-11-21,304.0,307.0,303.0,307.0,22200
2023-11-22,305.0,307.0,305.0,305.0,16800
2023-11-24,306.0,307.0,305.0,307.0,15800
2023-11-27,305.0,309.0,305.0,309.0,23800
2023-11-28,307.0,307.0,305.0,305.0,20000
2023-11-29,309.0,309.0,307.0,308.0,32600
2023-11-30,309.0,309.0,306.0,307.0,24800
2023-12-01,309.0,309.0,307.0,307.0,17800
2023-12-04,302.0,306.0,302.0,305.0,74800
2023-12-05,300.0,302.0,300.0,302.0,56500
2023-12-06,301.0,303.0,300.0,300.0,34800
2023-12-07,301.0,303.0,301.0,302.0,30200
2023-12-08,300.0,302.0,300.0,300.0,38900
2023-12-11,302.0,303.0,300.0,302.0,31300
2023-12-12,301.0,304.0,301.0,304.0,26800
2023-12-13,302.0,303.0,301.0,301.0,17500
2023-12-14,300.0,304.0,300.0,304.0,49600
2023-12-15,301.0,302.0,300.0,300.0,33300
2023-12-18,300.0,302.0,300.0,300.0,40500
2023-12-19,300.0,302.0,300.0,301.0,50500
2023-12-20,302.0,303.0,300.0,301.0,41000
2023-12-21,301.0,302.0,300.0,301.0,38400
2023-12-22,301.0,303.0,301.0,302.0,36200
2023-12-25,301.0,302.0,301.0,301.0,40800
2023-12-26,300.0,302.0,300.0,301.0,51100
2023-12-27,301.0,302.0,300.0,301.0,68300
2023-12-28,305.0,305.0,301.0,302.0,49900
2023-12-29,307.0,307.0,304.0,305.0,33000
2024-01-04,314.0,314.0,306.0,308.0,96000
2024-01-05,311.0,315.0,310.0,315.0,92600
2024-01-09,315.0,315.0,312.0,314.0,51500
2024-01-10,314.0,316.0,313.0,315.0,73400
2024-01-11,315.0,316.0,313.0,315.0,59300
2024-01-12,311.0,315.0,309.0,314.0,157100
2024-01-15,312.0,313.0,312.0,313.0,14000
2024-01-16,312.0,312.0,309.0,312.0,91300
2024-01-17,311.0,314.0,311.0,313.0,42900
2024-01-18,311.0,312.0,311.0,312.0,32100
2024-01-19,311.0,312.0,310.0,312.0,44300
2024-01-22,314.0,314.0,311.0,311.0,56000
2024-01-23,311.0,314.0,311.0,314.0,44100
2024-01-24,310.0,313.0,310.0,313.0,65400
2024-01-25,311.0,312.0,310.0,310.0,35800
2024-01-26,310.0,312.0,310.0,312.0,46100
2024-01-29,314.0,315.0,312.0,314.0,46000
2024-01-30,314.0,316.0,314.0,315.0,175000
2024-01-31,316.0,318.0,315.0,315.0,65400
2024-02-01,315.0,317.0,315.0,316.0,44700
2024-02-02,315.0,317.0,315.0,317.0,39000
2024-02-05,318.0,318.0,316.0,317.0,39700
2024-02-06,315.0,318.0,315.0,318.0,68900
2024-02-07,317.0,317.0,315.0,316.0,37600
2024-02-08,314.0,316.0,313.0,316.0,73000
2024-02-09,315.0,315.0,313.0,315.0,73900
2024-02-13,315.0,318.0,314.0,318.0,104100
2024-02-14,314.0,315.0,314.0,314.0,38800
2024-02-15,312.0,316.0,312.0,315.0,80100
2024-02-16,311.0,313.0,311.0,311.0,38400
2024-02-19,317.0,317.0,312.0,313.0,69400
2024-02-20,318.0,318.0,316.0,317.0,76100
2024-02-21,315.0,317.0,315.0,317.0,29500
2024-02-22,316.0,318.0,315.0,317.0,37900
2024-02-26,316.0,316.0,314.0,316.0,62900
2024-02-27,315.0,317.0,314.0,316.0,32600
2024-02-28,317.0,317.0,314.0,314.0,54900
2024-02-29,315.0,318.0,315.0,317.0,49200
2024-03-01,316.0,316.0,314.0,315.0,53000
2024-03-04,314.0,315.0,313.0,315.0,78600
2024-03-05,315.0,315.0,313.0,314.0,34400
2024-03-06,315.0,316.0,314.0,315.0,59500
2024-03-07,316.0,316.0,314.0,315.0,43800
2024-03-08,316.0,316.0,314.0,315.0,43000
2024-03-11,311.0,315.0,310.0,314.0,197200
2024-03-12,314.0,314.0,310.0,311.0,63300
2024-03-13,313.0,314.0,312.0,314.0,30300
2024-03-14,314.0,314.0,312.0,313.0,35600
2024-03-15,311.0,313.0,311.0,312.0,53600
2024-03-18,312.0,312.0,310.0,311.0,87900
2024-03-19,312.0,313.0,311.0,312.0,51300
2024-03-21,311.0,313.0,311.0,313.0,83400
2024-03-22,313.0,313.0,311.0,312.0,83000
2024-03-25,312.0,313.0,311.0,313.0,124400
2024-03-26,311.0,313.0,310.0,312.0,192500
2024-03-27,308.0,311.0,308.0,310.0,388200
2024-03-28,302.0,303.0,300.0,300.0,253100
2024-03-29,304.0,306.0,302.0,302.0,45300
2024-04-01,304.0,305.0,302.0,305.0,51300
2024-04-02,301.0,305.0,301.0,302.0,70400
2024-04-03,305.0,305.0,300.0,301.0,48500
2024-04-04,303.0,304.0,301.0,303.0,48600
2024-04-05,303.0,303.0,301.0,301.0,52900
2024-04-08,296.0,304.0,296.0,304.0,168900
2024-04-09,300.0,300.0,296.0,296.0,99800
2024-04-10,297.0,299.0,297.0,299.0,41900
2024-04-11,296.0,298.0,295.0,296.0,133800
2024-04-12,297.0,297.0,295.0,296.0,64500
2024-04-15,297.0,297.0,295.0,296.0,47300
2024-04-16,293.0,296.0,292.0,296.0,157800
2024-04-17,290.0,294.0,290.0,294.0,101400
2024-04-18,293.0,293.0,290.0,290.0,52400
2024-04-19,286.0,292.0,285.0,292.0,228900
2024-04-22,292.0,292.0,286.0,289.0,81600
2024-04-23,291.0,293.0,291.0,292.0,52100
2024-04-24,292.0,292.0,290.0,291.0,51900
2024-04-25,292.0,293.0,291.0,292.0,35200
2024-04-26,288.0,293.0,288.0,293.0,236400
2024-04-30,291.0,292.0,290.0,291.0,42500
2024-05-01,292.0,293.0,289.0,293.0,45500
2024-05-02,291.0,293.0,291.0,292.0,28900
2024-05-07,294.0,294.0,292.0,292.0,25900
2024-05-08,293.0,295.0,293.0,293.0,26800
2024-05-09,294.0,296.0,293.0,296.0,40700
2024-05-10,292.0,297.0,291.0,295.0,72700
2024-05-13,295.0,297.0,293.0,294.0,57800
2024-05-14,298.0,298.0,295.0,296.0,40200
2024-05-15,296.0,299.0,296.0,299.0,47700
2024-05-16,294.0,297.0,294.0,297.0,33200
2024-05-17,295.0,295.0,291.0,293.0,54900
2024-05-20,297.0,297.0,294.0,296.0,26100
2024-05-21,296.0,298.0,295.0,297.0,31200
2024-05-22,295.0,297.0,295.0,296.0,33000
2024-05-23,295.0,297.0,295.0,297.0,23800
2024-05-24,295.0,298.0,295.0,295.0,53100
2024-05-27,298.0,298.0,295.0,295.0,57200
2024-05-28,298.0,298.0,296.0,298.0,35000
2024-05-29,294.0,298.0,294.0,298.0,76700
2024-05-30,296.0,298.0,294.0,298.0,53700
2024-05-31,297.0,297.0,295.0,297.0,27300
2024-06-03,297.0,298.0,296.0,297.0,35100
2024-06-04,296.0,298.0,296.0,296.0,34100
2024-06-05,296.0,298.0,296.0,296.0,34800
2024-06-06,296.0,298.0,296.0,296.0,17000
2024-06-07,296.0,298.0,296.0,297.0,28000
2024-06-10,298.0,299.0,296.0,296.0,35200
2024-06-11,296.0,299.0,296.0,299.0,35900
2024-06-12,297.0,298.0,297.0,298.0,24400
2024-06-13,297.0,299.0,296.0,297.0,30000
2024-06-14,297.0,298.0,296.0,296.0,37100
2024-06-17,297.0,298.0,296.0,297.0,35500
2024-06-18,297.0,298.0,296.0,298.0,22300
2024-06-19,298.0,299.0,297.0,298.0,37900
2024-06-20,297.0,299.0,297.0,297.0,27300
2024-06-21,297.0,299.0,297.0,297.0,40000
2024-06-24,297.0,298.0,297.0,297.0,36000
2024-06-25,297.0,299.0,297.0,298.0,33300
2024-06-26,298.0,299.0,297.0,299.0,26500
2024-06-27,300.0,300.0,298.0,299.0,54800
2024-06-28,299.0,300.0,299.0,300.0,27600
2024-07-01,303.0,303.0,300.0,301.0,54300
2024-07-02,303.0,305.0,303.0,304.0,58300
2024-07-03,301.0,304.0,301.0,303.0,43900
2024-07-04,299.0,302.0,299.0,301.0,65100
2024-07-05,300.0,301.0,300.0,301.0,18500
2024-07-08,300.0,303.0,300.0,303.0,49600
2024-07-09,299.0,300.0,299.0,299.0,47500
2024-07-10,296.0,300.0,296.0,300.0,150700
2024-07-11,299.0,300.0,296.0,298.0,78500
2024-07-12,299.0,301.0,299.0,299.0,45300
2024-07-16,299.0,301.0,299.0,300.0,32300
2024-07-17,302.0,302.0,300.0,300.0,40400
2024-07-18,301.0,302.0,300.0,301.0,34300
2024-07-19,301.0,302.0,300.0,300.0,26100
2024-07-22,301.0,301.0,300.0,300.0,34400
2024-07-23,301.0,302.0,300.0,300.0,28100
2024-07-24,300.0,301.0,300.0,301.0,39400
2024-07-25,298.0,300.0,297.0,300.0,124600
2024-07-26,298.0,300.0,298.0,298.0,57200
2024-07-29,298.0,299.0,298.0,298.0,77600
2024-07-30,296.0,299.0,296.0,298.0,251100
2024-07-31,299.0,299.0,296.0,297.0,51600
2024-08-01,297.0,298.0,296.0,298.0,47000
2024-08-02,290.0,296.0,290.0,295.0,206300
2024-08-05,262.0,286.0,260.0,286.0,373500
2024-08-06,286.0,289.0,267.0,267.0,151400
2024-08-07,288.0,290.0,281.0,283.0,94600
2024-08-08,288.0,290.0,282.0,285.0,66300
2024-08-09,284.0,292.0,283.0,290.0,100800
2024-08-13,296.0,297.0,290.0,292.0,67800
2024-08-14,297.0,297.0,295.0,297.0,31600
2024-08-15,296.0,298.0,295.0,297.0,46700
2024-08-16,296.0,297.0,295.0,296.0,43700
2024-08-19,297.0,297.0,296.0,296.0,39400
2024-08-20,299.0,300.0,297.0,298.0,53800
2024-08-21,301.0,301.0,298.0,299.0,39500
2024-08-22,301.0,301.0,299.0,300.0,29900
2024-08-23,301.0,302.0,300.0,302.0,36700
2024-08-26,303.0,303.0,301.0,303.0,33100
2024-08-27,304.0,304.0,302.0,303.0,42200
2024-08-28,304.0,304.0,302.0,304.0,43800
2024-08-29,304.0,305.0,302.0,303.0,47800
2024-08-30,304.0,305.0,302.0,305.0,63600
2024-09-02,303.0,304.0,301.0,304.0,65600
2024-09-03,303.0,303.0,302.0,303.0,25200
2024-09-04,300.0,303.0,298.0,301.0,174900
2024-09-05,300.0,301.0,298.0,300.0,77400
2024-09-06,298.0,300.0,295.0,299.0,121600
2024-09-09,299.0,299.0,292.0,296.0,79900
2024-09-10,299.0,300.0,297.0,298.0,44400
2024-09-11,297.0,299.0,295.0,299.0,102100
2024-09-12,298.0,298.0,296.0,297.0,60800
2024-09-13,298.0,298.0,296.0,298.0,41400
2024-09-17,299.0,299.0,297.0,299.0,61600
2024-09-18,298.0,300.0,297.0,300.0,43400
2024-09-19,298.0,299.0,297.0,298.0,55000
2024-09-20,299.0,299.0,298.0,299.0,41400
2024-09-24,298.0,300.0,298.0,300.0,102100
2024-09-25,299.0,300.0,297.0,299.0,136100
2024-09-26,303.0,303.0,299.0,300.0,236400
2024-09-27,292.0,294.0,291.0,291.0,240200
2024-09-30,290.0,292.0,289.0,290.0,69000
2024-10-01,291.0,292.0,290.0,291.0,45700
2024-10-02,290.0,292.0,290.0,291.0,46400
2024-10-03,290.0,292.0,290.0,292.0,50500
2024-10-04,290.0,292.0,290.0,291.0,32500
2024-10-07,288.0,292.0,288.0,291.0,122000
2024-10-08,285.0,288.0,284.0,288.0,168400
2024-10-09,283.0,285.0,283.0,285.0,114600
2024-10-10,280.0,284.0,280.0,283.0,108800
2024-10-11,281.0,281.0,280.0,280.0,83500
2024-10-15,279.0,281.0,278.0,280.0,143900
2024-10-16,279.0,280.0,278.0,278.0,109000
2024-10-17,277.0,279.0,276.0,278.0,111300
2024-10-18,276.0,278.0,276.0,277.0,61100
2024-10-21,278.0,279.0,275.0,276.0,68200
2024-10-22,275.0,279.0,275.0,277.0,71900
2024-10-23,270.0,275.0,270.0,275.0,177000
2024-10-24,268.0,271.0,266.0,270.0,132900
2024-10-25,267.0,270.0,266.0,270.0,88300
2024-10-28,269.0,271.0,266.0,266.0,154300
2024-10-29,277.0,277.0,270.0,270.0,78400
2024-10-30,270.0,276.0,270.0,276.0,316300
2024-10-31,274.0,277.0,271.0,272.0,72300
2024-11-01,273.0,277.0,272.0,272.0,55500
2024-11-05,272.0,275.0,271.0,275.0,65200
2024-11-06,271.0,274.0,271.0,273.0,58000
2024-11-07,271.0,274.0,271.0,272.0,76800
2024-11-08,273.0,274.0,271.0,272.0,74500
2024-11-11,269.0,273.0,268.0,273.0,147100
2024-11-12,267.0,269.0,266.0,269.0,154200
2024-11-13,269.0,270.0,267.0,267.0,60900
2024-11-14,269.0,271.0,269.0,270.0,61400
2024-11-15,270.0,270.0,268.0,269.0,50800
2024-11-18,269.0,271.0,268.0,271.0,44300
2024-11-19,272.0,272.0,269.0,270.0,24800
2024-11-20,269.0,274.0,268.0,272.0,137900
2024-11-21,269.0,270.0,269.0,269.0,55600
2024-11-22,271.0,272.0,269.0,269.0,41200
2024-11-25,273.0,274.0,272.0,273.0,72500
2024-11-26,271.0,274.0,271.0,274.0,73400
2024-11-27,268.0,272.0,268.0,272.0,110800
2024-11-28,270.0,272.0,269.0,269.0,75600
2024-11-29,271.0,272.0,270.0,271.0,47900
2024-12-02,268.0,272.0,268.0,270.0,117300
2024-12-03,262.0,268.0,262.0,268.0,476600
2024-12-04,262.0,264.0,260.0,262.0,236800
2024-12-05,264.0,265.0,263.0,263.0,98600
2024-12-06,266.0,268.0,263.0,265.0,116200
2024-12-09,267.0,267.0,265.0,266.0,89000
2024-12-10,266.0,268.0,266.0,267.0,82300
2024-12-11,267.0,269.0,266.0,266.0,90300
2024-12-12,271.0,272.0,268.0,268.0,131300
2024-12-13,274.0,274.0,270.0,271.0,109200
2024-12-16,272.0,276.0,271.0,275.0,112000
2024-12-17,272.0,273.0,269.0,272.0,75700
2024-12-18,273.0,276.0,272.0,272.0,111000
2024-12-19,274.0,275.0,272.0,272.0,77600
2024-12-20,273.0,275.0,273.0,274.0,77000
2024-12-23,271.0,274.0,271.0,272.0,111900
2024-12-24,269.0,272.0,269.0,271.0,154700
2024-12-25,268.0,271.0,267.0,269.0,143200
2024-12-26,267.0,270.0,264.0,268.0,304200
2024-12-27,274.0,275.0,268.0,268.0,136100
2024-12-30,279.0,279.0,274.0,275.0,91500
2025-01-06,277.0,279.0,276.0,278.0,120800
2025-01-07,279.0,281.0,278.0,279.0,105500
2025-01-08,278.0,281.0,278.0,279.0,70600
2025-01-09,280.0,281.0,278.0,280.0,58600
2025-01-10,276.0,279.0,276.0,279.0,75700
2025-01-14,276.0,278.0,275.0,278.0,77800
2025-01-15,274.0,276.0,274.0,275.0,65000
2025-01-16,270.0,274.0,269.0,274.0,187200
2025-01-17,269.0,272.0,267.0,271.0,116900
2025-01-20,272.0,272.0,268.0,270.0,62300
2025-01-21,273.0,275.0,270.0,271.0,82800
2025-01-22,276.0,276.0,273.0,273.0,73100
2025-01-23,275.0,275.0,272.0,275.0,74000
2025-01-24,276.0,278.0,275.0,275.0,87500
